"STATION","NAME","DATE","CDSD","CLDD","DP01","DP10","DT00","DT32","DX32","DX70","DX90","EMNT","EMXP","EMXT","HDSD","HTDD","PRCP","TAVG","TMAX","TMIN"
"CHM00057494","WUHAN, CH","1951-01","0","0","6","2","0","25","5","0","0","11","0.20","65",,"930","0.50","35.0","43.6","26.4"
"CHM00057494","WUHAN, CH","1951-02","0","0","16","9","0","16","1","1","0","19","1.18","71",,"693","3.26","40.2","47.4","33.1"
"CHM00057494","WUHAN, CH","1951-03","0","0","10","6","0","4","0","1","0","23","0.63","76",,"534","2.26","47.8","56.0","39.5"
"CHM00057494","WUHAN, CH","1951-04","0","0","16","11","0","0","0","7","0","38","0.74","79",,"225","3.68","57.5","65.2","49.8"
"CHM00057494","WUHAN, CH","1951-05","263","263","10","8","0","0","0","29","7","51","2.70","95",,"3","9.21","73.4","83.1","63.7"
"CHM00057494","WUHAN, CH","1951-06","667","403","10","6","0","0","0","30","10","62","1.57","100",,"0","5.07","78.4","87.6","69.3"
"CHM00057494","WUHAN, CH","1951-07","1193","526","12","10","0","0","0","31","16","68","5.93","98","0","0","13.43","82.0","89.5","74.5"
"CHM00057494","WUHAN, CH","1951-08","1837","644","10","7","0","0","0","31","29","69","1.43","103","0","0","4.17","85.8","94.9","76.6"
"CHM00057494","WUHAN, CH","1951-09","2089","252","6","6","0","0","0","30","6","54","1.67","98","0","0","5.00","73.4","83.2","63.6"
"CHM00057494","WUHAN, CH","1951-10","2238","149","4","3","0","0","0","27","2","42","1.19","94","60","60","1.81","67.9","78.4","57.3"
"CHM00057494","WUHAN, CH","1951-11","2246","7","8","4","0","4","0","7","0","25","1.03","80","416","356","1.98","53.4","62.0","44.8"
"CHM00057494","WUHAN, CH","1951-12","2246","0","5","2","0","9","0","0","0","23","0.64","69","1003","586","1.02","46.1","57.0","35.2"
"CHM00057494","WUHAN, CH","1952-01","0","0","5","2","0","15","0","0","0","24","0.72","66","1736","733","0.95","41.3","49.7","33.0"
"CHM00057494","WUHAN, CH","1952-02","0","0","15","9","0","11","2","0","0","22","0.89","58","2531","795","3.06","37.6","42.3","32.9"
"CHM00057494","WUHAN, CH","1952-03","0","0","15","10","0","1","0","1","0","32","1.78","71","3090","558","6.70","47.0","53.1","40.9"
"CHM00057494","WUHAN, CH","1952-04","67","67","9","8","0","0","0","18","0","45","1.36","85","3194","104","3.70","63.8","72.7","54.8"
"CHM00057494","WUHAN, CH","1952-05","265","197","17","10","0","0","0","27","0","60","1.66","86","3196","2","6.44","71.3","76.9","65.7"
"CHM00057494","WUHAN, CH","1952-06","740","476","3","3","0","0","0","30","14","65","3.16","98","3196","0","4.31","80.9","88.7","73.0"
"CHM00057494","WUHAN, CH","1952-07","1349","609","5","4","0","0","0","31","21","72","1.31","98","0","0","1.93","84.6","91.0","78.3"
"CHM00057494","WUHAN, CH","1952-08","1843","493","7","4","0","0","0","31","13","67","4.02","96","0","0","5.25","80.9","87.6","74.3"
"CHM00057494","WUHAN, CH","1952-09","2159","317","9","6","0","0","0","30","5","57","2.96","93","0","0","5.68","75.6","83.1","68.0"
"CHM00057494","WUHAN, CH","1952-10","2205","46","11","8","0","0","0","12","0","47","0.77","83","140","140","2.54","62.0","68.4","55.5"
"CHM00057494","WUHAN, CH","1952-11","2219","13","8","3","0","0","0","9","0","39","0.26","83","475","334","0.83","54.3","61.1","47.6"
"CHM00057494","WUHAN, CH","1952-12","2219","0","1","1","0","15","1","0","0","24","0.15","59","1252","778","0.16","39.9","48.2","31.6"
"CHM00057494","WUHAN, CH","1953-01","0","0","5","1","0","19","1","0","0","22","0.83","63","2067","814","1.06","38.7","46.2","31.2"
"CHM00057494","WUHAN, CH","1953-02","0","0","10","6","0","10","0","1","0","29","0.57","74","2704","637","1.90","42.2","47.6","36.9"
"CHM00057494","WUHAN, CH","1953-03","1","1","12","6","0","0","0","3","0","35","1.65","76","3100","396","4.64","52.3","59.5","45.0"
"CHM00057494","WUHAN, CH","1953-04","42","41","10","4","0","0","0","13","1","41","0.55","90","3270","170","1.67","60.7","69.0","52.4"
"CHM00057494","WUHAN, CH","1953-05","315","274","9","7","0","0","0","31","4","55","3.03","93","3270","0","6.48","73.8","82.5","65.1"
"CHM00057494","WUHAN, CH","1953-06","761","446","8","6","0","0","0","30","7","65","4.95","96","3270","0","8.84","79.9","87.2","72.6"
"CHM00057494","WUHAN, CH","1953-07","1459","698","5","4","0","0","0","31","26","77","1.91","98","0","0","3.64","87.5","93.7","81.4"
"CHM00057494","WUHAN, CH","1953-08","2098","639","6","5","0","0","0","31","22","71","3.47","100","0","0","6.56","85.6","92.8","78.4"
"CHM00057494","WUHAN, CH","1953-09","2348","249","9","4","0","0","0","30","1","59","1.44","92","0","0","3.48","73.3","80.6","66.0"
"CHM00057494","WUHAN, CH","1953-10","2432","84","10","8","0","0","0","20","0","51","0.76","81","45","45","3.13","66.3","72.7","59.8"
"CHM00057494","WUHAN, CH","1953-11","2432","0","9","5","0","1","0","1","0","30","0.76","70","424","379","1.80","52.4","58.6","46.2"
"CHM00057494","WUHAN, CH","1953-12","2432","0","7","2","0","4","0","0","0","27","0.92","66","1094","670","1.50","43.4","50.3","36.5"
"CHM00057494","WUHAN, CH","1954-01","0","0","14","9","0","12","2","0","0","19","0.84","56","1920","826","4.20","38.3","43.6","33.1"
"CHM00057494","WUHAN, CH","1954-02","0","0","10","7","0","5","0","0","0","28","0.82","69","2536","615","3.72","43.0","49.5","36.6"
"CHM00057494","WUHAN, CH","1954-03","6","6","4","2","0","4","0","5","0","32","0.51","82","3007","471","0.99","50.0","58.5","41.5"
"CHM00057494","WUHAN, CH","1954-04","24","18","15","13","0","0","0","10","0","43","2.53","83","3138","131","8.89","61.2","67.9","54.6"
"CHM00057494","WUHAN, CH","1954-05","201","177","20","13","0","0","0","27","0","55","4.57","90","3150","12","13.97","70.3","76.4","64.3"
"CHM00057494","WUHAN, CH","1954-06","553","352","18","15","0","0","0","30","2","63","5.13","92","3150","0","18.56","76.7","82.7","70.8"
"CHM00057494","WUHAN, CH","1954-07","1032","479","20","19","0","0","0","31","5","70","5.60","91","0","0","22.36","80.5","84.9","76.0"
"CHM00057494","WUHAN, CH","1954-08","1627","594","8","3","0","0","0","31","19","70","0.84","95","0","0","1.83","84.2","89.6","78.7"
"CHM00057494","WUHAN, CH","1954-09","2020","394","5","1","0","0","0","30","4","62","0.16","95","0","0","0.24","78.1","84.4","71.8"
"CHM00057494","WUHAN, CH","1954-10","2046","25","8","4","0","0","0","23","0","52","0.39","81","53","53","1.24","64.1","71.2","57.1"
"CHM00057494","WUHAN, CH","1954-11","2056","10","7","3","0","0","0","13","0","40","0.90","78","288","235","1.45","57.5","64.8","50.2"
"CHM00057494","WUHAN, CH","1954-12","2056","0","13","10","0","21","5","0","0","21","0.74","59","1209","921","3.55","35.3","40.1","30.5"
"CHM00057494","WUHAN, CH","1955-01","0","0","6","3","0","22","10","0","0","6","0.22","58","2240","1030","0.70","31.8","39.4","24.1"
"CHM00057494","WUHAN, CH","1955-02","0","0","9","6","0","4","0","0","0","21","0.65","68","2770","530","2.24","46.1","53.2","38.9"
"CHM00057494","WUHAN, CH","1955-03","6","6","18","12","0","1","0","2","0","31","1.71","80","3285","515","6.27","48.6","54.3","42.9"
"CHM00057494","WUHAN, CH","1955-04","58","51","15","11","0","0","0","10","2","41","0.77","92","3487","202","4.13","60.0","66.8","53.1"
"CHM00057494","WUHAN, CH","1955-05","253","195","14","11","0","0","0","29","0","56","0.82","85","3492","5","4.45","71.1","77.8","64.4"
"CHM00057494","WUHAN, CH","1955-06","634","381","15","14","0","0","0","30","3","60","6.78","93","3492","0","19.25","77.7","83.9","71.6"
"CHM00057494","WUHAN, CH","1955-07","1237","603","5","2","0","0","0","31","20","73","1.99","95","0","0","2.30","84.5","90.3","78.5"
"CHM00057494","WUHAN, CH","1955-08","1830","593","9","7","0","0","0","31","18","69","3.00","97","0","0","6.46","84.1","90.5","77.8"
"CHM00057494","WUHAN, CH","1955-09","2268","438","4","2","0","0","0","30","9","64","0.94","96","0","0","1.17","79.6","86.2","73.0"
"CHM00057494","WUHAN, CH","1955-10","2333","65","2","0","0","0","0","24","0","45","0.05","88","63","63","0.07","65.1","73.5","56.6"
"CHM00057494","WUHAN, CH","1955-11","2333","0","3","1","0","3","0","6","0","29","0.14","72","399","336","0.20","53.8","64.1","43.4"
"CHM00057494","WUHAN, CH","1955-12","2333","0","6","2","0","3","0","1","0","30","0.29","74","922","523","0.86","48.1","57.9","38.3"
"CHM00057494","WUHAN, CH","1956-01","0","0","7","5","0","22","3","0","0","5","0.49","60","1822","900","1.71","36.0","43.6","28.4"
"CHM00057494","WUHAN, CH","1956-02","0","0","5","2","0","10","0","0","0","22","0.31","65","2454","632","0.61","43.2","51.6","34.9"
"CHM00057494","WUHAN, CH","1956-03","6","6","16","11","0","1","0","4","0","31","2.07","81","2951","497","7.38","49.1","55.3","42.9"
"CHM00057494","WUHAN, CH","1956-04","79","74","8","8","0","0","0","19","0","36","1.02","86","3062","111","4.25","63.8","71.6","56.0"
"CHM00057494","WUHAN, CH","1956-05","215","136","14","10","0","0","0","22","0","54","1.92","90","3097","36","9.72","68.3","74.5","62.0"
"CHM00057494","WUHAN, CH","1956-06","703","487","16","10","0","0","0","30","7","68","1.47","96","3097","0","7.79","81.2","88.4","74.0"
"CHM00057494","WUHAN, CH","1956-07","1349","646","6","5","0","0","0","31","25","72","1.27","98","0","0","2.94","85.8","92.3","79.4"
"CHM00057494","WUHAN, CH","1956-08","1873","525","11","9","0","0","0","31","12","70","0.80","98","0","0","3.15","81.9","88.8","75.1"
"CHM00057494","WUHAN, CH","1956-09","2214","341","4","1","0","0","0","30","2","61","0.16","92","0","0","0.24","76.4","84.5","68.2"
"CHM00057494","WUHAN, CH","1956-10","2269","55","7","3","0","0","0","23","1","44","0.33","92","70","70","0.86","64.5","74.1","54.9"
"CHM00057494","WUHAN, CH","1956-11","2269","0","1","1","0","5","0","6","0","23","0.15","73","485","414","0.15","51.2","62.2","40.2"
"CHM00057494","WUHAN, CH","1956-12","2269","0","3","2","0","16","0","0","0","21","0.12","68","1247","762","0.32","40.4","48.7","32.1"
"CHM00057494","WUHAN, CH","1957-01","0","0","17","9","0","15","3","0","0","24","0.56","52","2126","879","2.22","36.6","41.0","32.2"
"CHM00057494","WUHAN, CH","1957-02","0","0","8","5","0","17","4","0","0","15","0.57","59","2936","809","1.72","36.1","42.1","30.1"
"CHM00057494","WUHAN, CH","1957-03","2","2","9","5","0","4","0","5","0","26","1.16","76","3395","459","2.43","50.3","57.9","42.6"
"CHM00057494","WUHAN, CH","1957-04","45","43","16","12","0","0","0","17","0","38","1.15","87","3521","126","5.88","62.2","70.1","54.4"
"CHM00057494","WUHAN, CH","1957-05","234","189","10","6","0","0","0","24","0","52","1.70","88","3560","39","6.00","69.8","76.6","63.1"
"CHM00057494","WUHAN, CH","1957-06","636","402","11","9","0","0","0","30","4","64","2.67","92","3560","0","9.63","78.4","85.4","71.4"
"CHM00057494","WUHAN, CH","1957-07","1262","626","10","9","0","0","0","31","22","69","4.21","99","0","0","11.77","85.2","91.0","79.4"
"CHM00057494","WUHAN, CH","1957-08","1802","539","6","5","0","0","0","31","15","69","2.31","98","0","0","4.44","82.4","89.4","75.4"
"CHM00057494","WUHAN, CH","1957-09","2029","227","5","4","0","0","0","29","0","55","0.22","89","2","2","0.72","72.5","80.0","65.0"
"CHM00057494","WUHAN, CH","1957-10","2112","83","5","4","0","0","0","20","0","38","0.46","87","95","92","1.21","64.7","74.5","54.9"
"CHM00057494","WUHAN, CH","1957-11","2116","5","10","5","0","0","0","12","0","34","2.61","78","358","263","5.66","56.4","64.8","47.9"
"CHM00057494","WUHAN, CH","1957-12","2116","0","10","4","0","1","0","0","0","31","0.45","58","949","591","1.33","45.9","51.4","40.5"
"CHM00057494","WUHAN, CH","1958-01","0","0","6","2","0","16","2","0","0","20","1.44","63","1773","824","2.51","38.4","44.1","32.7"
"CHM00057494","WUHAN, CH","1958-02","0","0","5","4","0","9","0","2","0","25","0.91","73","2375","601","1.99","43.5","52.3","34.8"
"CHM00057494","WUHAN, CH","1958-03","4","4","12","8","0","2","0","3","0","31","1.45","73","2738","364","3.94","53.4","59.8","47.0"
"CHM00057494","WUHAN, CH","1958-04","96","91","15","11","0","0","0","16","0","47","2.07","90","2851","113","10.63","64.3","71.3","57.3"
"CHM00057494","WUHAN, CH","1958-05","263","167","14","11","0","0","0","22","6","50","2.12","96","2906","55","7.25","68.6","74.8","62.4"
"CHM00057494","WUHAN, CH","1958-06","782","519","6","2","0","0","0","30","16","65","0.27","98","2906","0","0.69","82.3","89.5","75.1"
"CHM00057494","WUHAN, CH","1958-07","1488","705","8","5","0","0","0","31","29","73","1.78","99","0","0","4.66","87.8","94.8","80.7"
"CHM00057494","WUHAN, CH","1958-08","1981","493","10","7","0","0","0","31","13","66","6.80","97","0","0","12.17","80.9","87.2","74.7"
"CHM00057494","WUHAN, CH","1958-09","2275","294","7","6","0","0","0","29","1","60","2.09","90","0","0","4.57","74.8","81.5","68.1"
"CHM00057494","WUHAN, CH","1958-10","2316","41","13","7","0","0","0","12","0","41","3.93","82","165","165","6.23","61.0","67.7","54.3"
"CHM00057494","WUHAN, CH","1958-11","2316","0","4","2","0","0","0","1","0","36","0.30","70","521","355","0.60","53.1","60.3","46.0"
"CHM00057494","WUHAN, CH","1958-12","2316","0","6","3","0","0","0","0","0","32","0.74","63","1094","574","1.26","46.5","55.4","37.6"
"CHM00057494","WUHAN, CH","1959-01","0","0","6","3","0","17","0","0","0","23","0.70","55","1907","813","1.36","38.8","45.3","32.3"
"CHM00057494","WUHAN, CH","1959-02","0","0","10","9","0","1","0","0","0","31","2.04","56","2546","638","6.40","42.2","47.3","37.1"
"CHM00057494","WUHAN, CH","1959-03","13","13","8","5","0","0","0","6","0","35","0.94","81","2851","305","3.48","55.6","62.8","48.3"
"CHM00057494","WUHAN, CH","1959-04","60","47","9","7","0","0","0","18","0","48","3.50","80","2948","97","9.60","63.3","70.8","55.8"
"CHM00057494","WUHAN, CH","1959-05","203","143","19","11","0","0","0","22","0","53","2.11","86","2973","24","7.00","68.8","75.1","62.5"
"CHM00057494","WUHAN, CH","1959-06","620","418","14","10","0","0","0","30","8","62","12.50","94","2973","0","20.58","78.9","85.3","72.5"
"CHM00057494","WUHAN, CH","1959-07","1321","700","4","2","0","0","0","31","26","72","1.65","100","0","0","1.90","87.6","94.5","80.7"
"CHM00057494","WUHAN, CH","1959-08","2068","747","2","0","0","0","0","31","30","72","0.06","103","0","0","0.08","89.1","97.4","80.8"
"CHM00057494","WUHAN, CH","1959-09","2455","387","5","3","0","0","0","29","14","60","1.69","93","0","0","2.46","77.9","86.8","68.9"
"CHM00057494","WUHAN, CH","1959-10","2587","132","3","3","0","0","0","23","1","45","2.20","92","47","47","2.79","67.7","77.8","57.7"
"CHM00057494","WUHAN, CH","1959-11","2587","0","13","9","0","0","0","2","0","33","0.90","72","472","425","4.08","50.8","57.6","44.0"
"CHM00057494","WUHAN, CH","1959-12","2587","0","11","8","0","10","0","0","0","25","0.56","60","1162","690","2.36","42.7","48.2","37.3"
"CHM00057494","WUHAN, CH","1960-01","0","0","8","5","0","17","1","0","0","19","0.35","64","1951","789","1.03","39.5","47.7","31.4"
"CHM00057494","WUHAN, CH","1960-02","0","0","9","5","0","5","0","3","0","27","1.20","72","2484","533","2.66","46.6","56.3","36.9"
"CHM00057494","WUHAN, CH","1960-03","10","10","19","14","0","1","0","3","0","32","2.56","82","2865","380","8.57","53.0","59.0","47.1"
"CHM00057494","WUHAN, CH","1960-04","48","38","10","8","0","0","0","11","0","35","0.81","84","3054","189","2.70","60.0","67.9","52.0"
"CHM00057494","WUHAN, CH","1960-05","232","184","12","8","0","0","0","26","1","46","1.01","92","3110","56","4.46","69.1","77.1","61.1"
"CHM00057494","WUHAN, CH","1960-06","677","445","13","9","0","0","0","30","9","61","3.01","93","3110","0","7.90","79.8","87.3","72.4"
"CHM00057494","WUHAN, CH","1960-07","1268","591","9","4","0","0","0","31","20","69","3.52","97","0","0","4.81","84.1","91.0","77.1"
"CHM00057494","WUHAN, CH","1960-08","1861","593","3","1","0","0","0","31","24","66","0.93","98","0","0","1.04","84.1","93.0","75.3"
"CHM00057494","WUHAN, CH","1960-09","2204","343","9","4","0","0","0","30","8","56","2.36","94","0","0","4.14","76.4","84.7","68.1"
"CHM00057494","WUHAN, CH","1960-10","2240","36","6","2","0","0","0","23","0","38","0.72","81","108","108","1.04","62.7","72.9","52.4"
"CHM00057494","WUHAN, CH","1960-11","2241","1","11","5","0","3","0","6","0","27","1.09","75","488","380","2.61","52.4","60.3","44.4"
"CHM00057494","WUHAN, CH","1960-12","2241","0","2","0","0","19","0","0","0","16","0.05","63","1261","772","0.11","40.1","50.3","29.9"
"CHM00057494","WUHAN, CH","1961-01","0","0","6","3","0","21","0","0","0","18","0.30","60","2081","821","0.87","38.5","47.6","29.4"
"CHM00057494","WUHAN, CH","1961-02","0","0","7","3","0","7","0","0","0","22","0.54","69","2638","556","1.17","45.1","54.9","35.3"
"CHM00057494","WUHAN, CH","1961-03","0","0","17","11","0","0","0","3","0","38","2.12","76","3069","431","6.32","51.1","57.6","44.5"
"CHM00057494","WUHAN, CH","1961-04","57","57","10","7","0","0","0","20","0","43","1.78","88","3157","87","4.30","64.0","72.8","55.1"
"CHM00057494","WUHAN, CH","1961-05","255","199","12","6","0","0","0","30","2","45","0.76","93","3168","11","3.25","71.1","80.9","61.2"
"CHM00057494","WUHAN, CH","1961-06","782","526","3","2","0","0","0","30","19","62","8.44","100","3168","0","9.79","82.5","91.3","73.8"
"CHM00057494","WUHAN, CH","1961-07","1470","688","5","3","0","0","0","31","28","69","0.52","101","0","0","1.28","87.2","95.6","78.8"
"CHM00057494","WUHAN, CH","1961-08","2072","602","10","5","0","0","0","31","25","68","0.49","100","0","0","1.30","84.4","92.9","75.9"
"CHM00057494","WUHAN, CH","1961-09","2361","289","11","7","0","0","0","28","2","56","3.83","93","0","0","6.20","75.0","82.5","67.5"
"CHM00057494","WUHAN, CH","1961-10","2446","85","10","7","0","0","0","18","1","45","0.87","91","87","87","2.35","65.0","73.2","56.7"
"CHM00057494","WUHAN, CH","1961-11","2446","0","13","9","0","0","0","2","0","35","0.89","75","387","301","4.00","55.0","61.4","48.6"
"CHM00057494","WUHAN, CH","1961-12","2446","0","8","3","0","6","0","0","0","23","0.46","65","1059","671","1.00","43.4","50.7","36.0"
"CHM00057494","WUHAN, CH","1962-01","0","0","4","1","0","25","0","0","0","20","0.65","56","1925","867","0.80","37.0","47.2","26.9"
"CHM00057494","WUHAN, CH","1962-02","0","0","6","6","0","11","0","2","0","23","0.70","77","2451","526","2.21","46.2","57.3","35.1"
"CHM00057494","WUHAN, CH","1962-03","0","0","4","2","0","3","0","5","0","26","0.45","78","2900","448","0.68","50.5","61.7","39.4"
"CHM00057494","WUHAN, CH","1962-04","19","19","15","10","0","0","0","11","0","36","1.07","82","3105","206","5.41","58.8","67.1","50.4"
"CHM00057494","WUHAN, CH","1962-05","196","178","11","8","0","0","0","27","1","47","1.44","91","3129","23","5.83","70.0","78.4","61.5"
"CHM00057494","WUHAN, CH","1962-06","610","413","11","10","0","0","0","30","3","66","2.24","93","3129","0","8.13","78.8","85.4","72.1"
"CHM00057494","WUHAN, CH","1962-07","1253","643","7","4","0","0","0","31","23","74","7.80","97","0","0","15.17","85.7","92.3","79.2"
"CHM00057494","WUHAN, CH","1962-08","1799","547","10","7","0","0","0","31","17","68","7.12","94","0","0","16.40","82.6","89.3","75.9"
"CHM00057494","WUHAN, CH","1962-09","2105","306","10","5","0","0","0","29","2","62","1.35","92","0","0","4.33","75.2","81.9","68.5"
"CHM00057494","WUHAN, CH","1962-10","2167","62","5","4","0","0","0","21","0","42","0.44","84","74","74","1.37","64.6","72.4","56.9"
"CHM00057494","WUHAN, CH","1962-11","2172","5","11","7","0","1","0","6","0","28","1.18","78","491","417","2.90","51.2","58.5","44.0"
"CHM00057494","WUHAN, CH","1962-12","2172","0","4","4","0","10","0","0","0","25","0.59","68","1121","629","1.69","44.7","53.8","35.6"
"CHM00057494","WUHAN, CH","1963-01","0","0","0","0","0","29","0","0","0","15","0.01","64","1973","852","0.03","37.5","51.1","23.9"
"CHM00057494","WUHAN, CH","1963-02","0","0","3","2","0","17","0","1","0","19","0.56","71","2572","599","1.10","43.6","55.2","32.0"
"CHM00057494","WUHAN, CH","1963-03","1","1","12","7","0","1","0","9","0","32","1.44","81","2984","411","3.18","51.8","61.4","42.1"
"CHM00057494","WUHAN, CH","1963-04","44","43","14","11","0","1","0","14","0","31","3.08","89","3172","188","8.93","60.2","67.8","52.6"
"CHM00057494","WUHAN, CH","1963-05","299","254","14","10","0","0","0","25","5","50","1.31","95","3204","32","5.15","72.2","79.1","65.3"
"CHM00057494","WUHAN, CH","1963-06","723","425","5","2","0","0","0","30","12","60","0.22","96","3204","0","0.53","79.2","88.2","70.1"
"CHM00057494","WUHAN, CH","1963-07","1291","567","12","7","0","0","0","31","22","69","1.85","99","0","0","6.58","83.3","90.2","76.4"
"CHM00057494","WUHAN, CH","1963-08","1861","570","14","9","0","0","0","31","21","71","5.37","96","0","0","13.05","83.4","90.6","76.2"
"CHM00057494","WUHAN, CH","1963-09","2196","335","6","3","0","0","0","28","2","57","0.90","91","0","0","1.37","76.2","83.4","68.9"
"CHM00057494","WUHAN, CH","1963-10","2232","36","5","1","0","0","0","23","0","41","0.25","81","68","68","0.41","64.0","74.0","53.9"
"CHM00057494","WUHAN, CH","1963-11","2234","1","12","8","0","0","0","5","0","33","0.87","77","362","294","3.03","55.2","63.0","47.5"
"CHM00057494","WUHAN, CH","1963-12","2234","0","8","4","0","12","0","0","0","23","0.43","63","1037","675","1.11","43.2","52.1","34.4"
"CHM00057494","WUHAN, CH","1964-01","0","0","11","5","0","12","0","0","0","23","0.65","54","1831","794","1.52","39.4","45.4","33.4"
"CHM00057494","WUHAN, CH","1964-02","0","0","13","7","0","23","5","0","0","12","1.24","54","2760","928","3.63","33.0","37.4","28.5"
"CHM00057494","WUHAN, CH","1964-03","7","7","10","6","0","0","0","6","0","33","0.90","85","3186","426","3.73","51.5","60.3","42.7"
"CHM00057494","WUHAN, CH","1964-04","135","129","21","15","0","0","0","20","2","40","1.12","90","3292","106","7.81","65.8","72.4","59.2"
"CHM00057494","WUHAN, CH","1964-05","310","175","13","8","0","0","0","27","1","54","4.20","93","3295","3","9.13","70.5","78.1","63.0"
"CHM00057494","WUHAN, CH","1964-06","659","348","15","10","0","0","0","30","1","61","3.32","90","3295","0","14.99","76.6","82.9","70.3"
"CHM00057494","WUHAN, CH","1964-07","1334","675","7","6","0","0","0","31","24","73","0.94","100","0","0","2.36","86.8","94.1","79.4"
"CHM00057494","WUHAN, CH","1964-08","1943","609","4","2","0","0","0","31","21","70","0.72","99","0","0","1.34","84.6","92.7","76.6"
"CHM00057494","WUHAN, CH","1964-09","2304","361","8","7","0","0","0","30","11","58","0.60","97","0","0","2.90","77.0","84.1","69.9"
"CHM00057494","WUHAN, CH","1964-10","2398","94","16","11","0","0","0","14","0","51","1.61","87","83","83","5.80","65.4","71.3","59.4"
"CHM00057494","WUHAN, CH","1964-11","2398","0","5","2","0","0","0","3","0","33","0.13","71","423","340","0.37","53.7","63.6","43.7"
"CHM00057494","WUHAN, CH","1964-12","2398","0","7","2","0","15","0","0","0","27","0.22","62","1110","687","0.57","42.8","52.0","33.6"
"CHM00057494","WUHAN, CH","1965-01","0","0","8","3","0","14","0","0","0","21","0.30","60","1815","704","0.81","42.3","51.4","33.2"
"CHM00057494","WUHAN, CH","1965-02","0","0","12","7","0","6","0","0","0","26","1.00","65","2392","577","3.51","44.4","50.7","38.1"
"CHM00057494","WUHAN, CH","1965-03","0","0","9","5","0","2","0","5","0","29","0.61","76","2828","436","1.61","50.9","60.3","41.6"
"CHM00057494","WUHAN, CH","1965-04","9","9","14","11","0","0","0","11","0","40","1.98","78","3012","184","7.24","59.2","66.2","52.1"
"CHM00057494","WUHAN, CH","1965-05","263","255","5","2","0","0","0","30","1","50","1.57","93","3020","8","1.90","72.9","83.1","62.8"
"CHM00057494","WUHAN, CH","1965-06","628","364","10","7","0","0","0","29","8","60","2.14","94","3021","1","6.70","77.1","85.4","68.8"
"CHM00057494","WUHAN, CH","1965-07","1274","646","4","3","0","0","0","31","26","71","2.23","98","0","0","3.29","85.9","93.2","78.5"
"CHM00057494","WUHAN, CH","1965-08","1744","469","7","7","0","0","0","31","12","64","1.09","95","0","0","3.01","80.1","87.6","72.7"
"CHM00057494","WUHAN, CH","1965-09","1985","241","8","5","0","0","0","27","1","55","0.59","92","4","4","2.04","72.9","82.1","63.7"
"CHM00057494","WUHAN, CH","1965-10","2018","34","8","6","0","0","0","26","0","47","0.66","81","40","36","2.52","64.9","74.1","55.8"
"CHM00057494","WUHAN, CH","1965-11","2022","4","12","4","0","2","0","2","0","30","0.71","75","365","325","2.24","54.3","62.8","45.8"
"CHM00057494","WUHAN, CH","1965-12","2022","0","8","4","0","14","1","0","0","21","0.62","63","1107","742","1.64","41.1","49.3","32.8"
"CHM00057494","WUHAN, CH","1966-01","0","0","7","4","0","16","0","0","0","21","0.23","64","1860","753","0.80","40.7","49.5","31.9"
"CHM00057494","WUHAN, CH","1966-02","0","0","8","3","0","9","1","1","0","18","0.43","76","2390","530","1.26","46.1","56.1","36.0"
"CHM00057494","WUHAN, CH","1966-03","1","1","11","4","0","5","0","5","0","28","0.68","78","2802","411","1.88","51.8","60.8","42.8"
"CHM00057494","WUHAN, CH","1966-04","42","40","14","7","0","0","0","12","0","40","1.15","87","2986","184","3.96","60.2","67.5","52.9"
"CHM00057494","WUHAN, CH","1966-05","200","159","12","8","0","0","0","29","2","51","1.12","92","2991","5","4.38","70.0","78.1","61.8"
"CHM00057494","WUHAN, CH","1966-06","591","391","9","7","0","0","0","30","9","60","1.83","96","2991","0","4.45","78.0","86.5","69.6"
"CHM00057494","WUHAN, CH","1966-07","1227","635","6","3","0","0","0","31","25","67","2.85","100","0","0","3.56","85.5","93.3","77.7"
"CHM00057494","WUHAN, CH","1966-08","1884","657","0","0","0","0","0","31","25","65","0.01","101","0","0","0.01","86.2","95.5","76.9"
"CHM00057494","WUHAN, CH","1966-09","2123","238","3","2","0","0","0","30","0","50","0.62","88","0","0","0.85","72.9","84.4","61.4"
"CHM00057494","WUHAN, CH","1966-10","2167","45","11","6","0","0","0","21","0","35","1.67","86","77","77","3.43","63.9","73.2","54.8"
"CHM00057494","WUHAN, CH","1966-11","2167","0","8","6","0","2","0","8","0","30","0.98","76","433","356","2.13","53.1","62.3","44.0"
"CHM00057494","WUHAN, CH","1966-12","2167","0","8","5","0","16","6","0","0","17","0.78","64","1259","826","2.06","38.4","44.5","32.2"
"CHM00057494","WUHAN, CH","1967-01","0","0","4","1","0","24","0","0","0","13","1.94","70","2099","840","2.04","37.9","47.3","28.5"
"CHM00057494","WUHAN, CH","1967-02","0","0","9","7","0","13","0","0","0","23","0.76","63","2765","666","2.59","41.2","48.8","33.6"
"CHM00057494","WUHAN, CH","1967-03","4","4","16","11","0","3","0","4","0","27","1.99","81","3203","438","5.56","51.0","59.3","42.8"
"CHM00057494","WUHAN, CH","1967-04","47","43","16","12","0","0","0","9","0","43","1.53","90","3390","187","5.11","60.2","66.9","53.4"
"CHM00057494","WUHAN, CH","1967-05","316","269","14","11","0","0","0","27","4","58","1.54","92","3397","7","6.16","73.5","80.2","66.7"
"CHM00057494","WUHAN, CH","1967-06","787","472","12","6","0","0","0","30","11","65","1.46","96","3397","0","3.09","80.7","88.4","73.1"
"CHM00057494","WUHAN, CH","1967-07","1384","597","10","5","0","0","0","31","20","63","2.17","98","0","0","4.00","84.3","91.7","76.8"
"CHM00057494","WUHAN, CH","1967-08","2093","708","7","4","0","0","0","31","29","71","1.24","102","0","0","2.73","87.9","96.6","79.1"
"CHM00057494","WUHAN, CH","1967-09","2374","281","7","5","0","0","0","28","7","54","2.71","96","8","8","5.81","74.1","82.8","65.4"
"CHM00057494","WUHAN, CH","1967-10","2387","13","11","6","0","0","0","20","0","42","0.98","79","107","99","2.80","62.2","71.4","53.0"
"CHM00057494","WUHAN, CH","1967-11","2387","0","13","12","0","2","0","1","0","30","1.04","71","597","490","6.58","48.7","54.7","42.6"
"CHM00057494","WUHAN, CH","1967-12","2387","0","1","0","0","23","0","0","0","18","0.02","57","1459","862","0.03","37.2","46.8","27.6"
"CHM00057494","WUHAN, CH","1968-01","0","0","10","4","0","18","0","0","0","16","0.63","63","2286","828","1.78","38.3","46.3","30.3"
"CHM00057494","WUHAN, CH","1968-02","0","0","1","0","0","21","0","0","0","21","0.07","69","3021","735","0.08","39.7","49.2","30.1"
"CHM00057494","WUHAN, CH","1968-03","0","0","13","8","0","0","0","4","0","32","1.45","76","3386","365","4.85","53.2","61.2","45.2"
"CHM00057494","WUHAN, CH","1968-04","50","50","10","5","0","0","0","17","0","38","1.03","90","3514","128","3.37","62.4","71.7","53.1"
"CHM00057494","WUHAN, CH","1968-05","275","226","12","9","0","0","0","24","0","49","1.59","89","3563","49","5.57","70.7","78.5","62.9"
"CHM00057494","WUHAN, CH","1968-06","741","465","6","3","0","0","0","30","19","61","2.35","95","3563","0","3.31","80.5","89.9","71.1"
"CHM00057494","WUHAN, CH","1968-07","1284","544","12","10","0","0","0","31","16","67","2.24","99","0","0","7.85","82.5","89.5","75.6"
"CHM00057494","WUHAN, CH","1968-08","1853","568","5","5","0","0","0","31","20","67","0.88","96","0","0","2.41","83.3","91.1","75.6"
"CHM00057494","WUHAN, CH","1968-09","2183","330","5","4","0","0","0","30","7","53","2.82","97","1","1","3.27","76.0","84.5","67.4"
"CHM00057494","WUHAN, CH","1968-10","2235","52","7","4","0","0","0","19","1","36","0.31","91","151","150","1.01","61.8","71.6","52.1"
"CHM00057494","WUHAN, CH","1968-11","2243","8","8","3","0","1","0","10","0","30","0.55","78","439","288","1.35","55.7","64.9","46.5"
"CHM00057494","WUHAN, CH","1968-12","2243","0","17","6","0","6","0","2","0","25","1.68","72","1020","580","4.23","46.3","52.1","40.5"
"CHM00057494","WUHAN, CH","1969-01","0","0","7","6","0","22","3","0","0","1","0.88","54","1965","945","2.62","34.5","41.4","27.7"
"CHM00057494","WUHAN, CH","1969-02","0","0","9","5","0","25","9","0","0","5","0.90","68","2892","927","1.76","31.9","38.3","25.5"
"CHM00057494","WUHAN, CH","1969-03","0","0","12","9","0","6","0","2","0","29","1.34","72","3379","487","4.24","49.3","56.9","41.7"
"CHM00057494","WUHAN, CH","1969-04","59","59","13","9","0","2","0","13","1","31","1.88","91","3571","192","6.43","60.6","69.5","51.6"
"CHM00057494","WUHAN, CH","1969-05","327","268","10","5","0","0","0","29","3","54","1.04","97","3577","6","2.61","73.5","82.3","64.7"
"CHM00057494","WUHAN, CH","1969-06","681","354","14","10","0","0","0","30","7","58","1.89","96","3577","0","8.07","76.8","84.5","69.1"
"CHM00057494","WUHAN, CH","1969-07","1222","541","14","11","0","0","0","31","13","68","4.67","99","0","0","21.00","82.5","89.2","75.8"
"CHM00057494","WUHAN, CH","1969-08","1773","550","12","10","0","0","0","31","15","69","10.30","99","0","0","19.00","82.8","89.1","76.4"
"CHM00057494","WUHAN, CH","1969-09","2112","339","2","2","0","0","0","28","3","56","0.84","92","6","6","1.19","76.1","83.8","68.3"
"CHM00057494","WUHAN, CH","1969-10","2182","70","4","0","0","0","0","28","0","43","0.07","81","36","30","0.21","66.3","75.5","57.1"
"CHM00057494","WUHAN, CH","1969-11","2182","0","6","4","0","4","0","2","0","26","0.56","74","506","470","1.49","49.3","58.2","40.5"
"CHM00057494","WUHAN, CH","1969-12","2182","0","2","0","0","18","0","0","0","21","0.03","62","1223","716","0.06","41.9","52.2","31.5"
"CHM00057494","WUHAN, CH","1970-01","0","0","6","1","0","21","2","0","0","13","0.19","57","2090","867","0.46","37.0","45.9","28.1"
"CHM00057494","WUHAN, CH","1970-02","0","0","11","8","0","8","0","1","0","27","0.91","72","2658","567","2.73","44.7","53.1","36.3"
"CHM00057494","WUHAN, CH","1970-03","0","0","14","8","0","2","0","0","0","31","1.46","68","3270","612","3.56","45.2","51.1","39.4"
"CHM00057494","WUHAN, CH","1970-04","15","15","12","9","0","0","0","12","0","38","1.63","82","3443","173","5.81","59.8","67.8","51.7"
"CHM00057494","WUHAN, CH","1970-05","208","193","14","10","0","0","0","31","1","55","2.76","93","3443","0","8.16","71.2","78.0","64.5"
"CHM00057494","WUHAN, CH","1970-06","492","284","14","11","0","0","0","30","1","60","3.28","92","3443","0","9.93","74.5","80.7","68.3"
"CHM00057494","WUHAN, CH","1970-07","1053","561","13","8","0","0","0","31","15","71","1.77","98","0","0","6.12","83.1","89.5","76.7"
"CHM00057494","WUHAN, CH","1970-08","1680","627","4","2","0","0","0","31","20","70","0.37","99","0","0","0.61","85.2","92.6","77.9"
"CHM00057494","WUHAN, CH","1970-09","1937","257","12","8","0","0","0","25","5","53","3.46","93","12","12","7.74","73.2","78.9","67.4"
"CHM00057494","WUHAN, CH","1970-10","2045","108","4","3","0","0","0","24","0","38","0.59","85","102","89","1.01","65.6","74.5","56.7"
"CHM00057494","WUHAN, CH","1970-11","2050","4","5","3","0","3","0","11","0","29","0.46","79","504","402","1.11","51.7","61.9","41.5"
"CHM00057494","WUHAN, CH","1970-12","2050","0","10","5","0","8","0","0","0","27","0.38","68","1158","654","1.48","43.9","51.6","36.2"
"CHM00057494","WUHAN, CH","1971-01","0","0","3","2","0","21","0","0","0","20","1.08","63","1934","776","1.67","40.0","49.4","30.5"
"CHM00057494","WUHAN, CH","1971-02","0","0","12","8","0","12","0","0","0","21","0.61","59","2623","689","2.17","40.4","47.4","33.4"
"CHM00057494","WUHAN, CH","1971-03","7","7","10","5","0","2","0","4","0","31","1.57","82","3130","507","3.24","48.9","56.6","41.1"
"CHM00057494","WUHAN, CH","1971-04","44","37","10","7","0","0","0","13","0","37","0.84","82","3275","145","3.43","61.4","69.0","53.8"
"CHM00057494","WUHAN, CH","1971-05","237","193","10","5","0","0","0","28","0","49","2.60","89","3297","22","5.00","70.5","79.0","62.0"
"CHM00057494","WUHAN, CH","1971-06","627","390","16","11","0","0","0","30","9","62","1.59","96","3297","0","5.35","78.0","85.2","70.8"
"CHM00057494","WUHAN, CH","1971-07","1334","707","6","2","0","0","0","31","27","72","1.06","102","0","0","1.77","87.8","96.2","79.4"
"CHM00057494","WUHAN, CH","1971-08","1883","549","8","5","0","0","0","31","16","69","0.56","98","0","0","1.90","82.7","90.1","75.3"
"CHM00057494","WUHAN, CH","1971-09","2126","243","11","5","0","0","0","29","3","54","0.32","96","1","1","1.30","73.1","79.6","66.6"
"CHM00057494","WUHAN, CH","1971-10","2140","14","9","7","0","0","0","17","0","41","1.41","80","152","151","3.97","60.5","69.4","51.7"
"CHM00057494","WUHAN, CH","1971-11","2140","0","7","4","0","2","0","2","0","19","0.67","72","531","379","1.33","52.4","63.1","41.6"
"CHM00057494","WUHAN, CH","1971-12","2140","0","3","2","0","21","0","0","0","20","0.26","68","1289","758","0.44","40.5","50.4","30.6"
"CHM00057494","WUHAN, CH","1972-01","0","0","6","3","0","16","0","1","0","21","0.57","76","2100","811","1.20","38.8","46.5","31.2"
"CHM00057494","WUHAN, CH","1972-02","0","0","14","7","0","13","3","0","0","16","0.53","53","2950","850","2.33","35.7","40.7","30.7"
"CHM00057494","WUHAN, CH","1972-03","0","0","11","8","0","3","0","2","0","26","1.14","70","3323","372","5.51","53.0","60.7","45.3"
"CHM00057494","WUHAN, CH","1972-04","50","50","13","10","0","0","0","11","1","36","2.19","90","3544","221","4.33","59.3","67.1","51.5"
"CHM00057494","WUHAN, CH","1972-05","238","187","13","8","0","0","0","29","0","54","1.83","88","3547","3","5.39","70.9","78.3","63.6"
"CHM00057494","WUHAN, CH","1972-06","725","487","10","7","0","0","0","30","16","66","0.99","96","3547","0","3.11","81.2","89.1","73.4"
"CHM00057494","WUHAN, CH","1972-07","1291","566","4","3","0","0","0","31","17","64","2.21","100","0","0","2.83","83.3","90.9","75.6"
"CHM00057494","WUHAN, CH","1972-08","1857","566","3","2","0","0","0","31","22","66","0.24","99","0","0","0.46","83.3","91.5","75.0"
"CHM00057494","WUHAN, CH","1972-09","2077","220","6","5","0","0","0","29","1","50","1.00","94","2","2","3.04","72.3","80.6","63.9"
"CHM00057494","WUHAN, CH","1972-10","2119","42","13","9","0","0","0","18","0","38","3.12","83","107","105","8.20","62.9","71.2","54.7"
"CHM00057494","WUHAN, CH","1972-11","2119","0","11","7","0","1","0","1","0","30","1.84","70","457","350","5.24","53.3","60.6","46.1"
"CHM00057494","WUHAN, CH","1972-12","2119","0","9","2","0","8","0","1","0","21","0.39","70","1147","690","0.86","42.7","49.4","36.0"
"CHM00057494","WUHAN, CH","1973-01","0","0","8","4","0","12","0","0","0","24","0.41","55","1927","779","1.22","39.8","46.1","33.5"
"CHM00057494","WUHAN, CH","1973-02","0","0","14","8","0","3","0","0","0","30","0.88","61","2525","598","3.63","43.6","48.8","38.4"
"CHM00057494","WUHAN, CH","1973-03","15","15","10","8","0","0","0","8","0","35","0.99","83","2923","398","4.07","52.6","59.2","46.1"
"CHM00057494","WUHAN, CH","1973-04","97","82","14","9","0","0","0","17","0","38","1.15","88","3035","113","5.67","64.0","71.4","56.6"
"CHM00057494","WUHAN, CH","1973-05","234","137","15","14","0","0","0","28","0","52","2.76","85","3042","7","10.52","69.2","74.8","63.6"
"CHM00057494","WUHAN, CH","1973-06","606","372","13","9","0","0","0","30","3","62","1.31","93","3042","0","5.54","77.4","83.5","71.3"
"CHM00057494","WUHAN, CH","1973-07","1165","559","16","10","0","0","0","31","15","69","2.43","95","0","0","6.82","83.0","89.5","76.5"
"CHM00057494","WUHAN, CH","1973-08","1794","629","7","4","0","0","0","31","23","69","0.47","99","0","0","1.25","85.3","92.8","77.8"
"CHM00057494","WUHAN, CH","1973-09","2009","216","16","11","0","0","0","26","0","59","2.29","88","10","10","8.65","71.9","77.7","66.0"
"CHM00057494","WUHAN, CH","1973-10","2052","43","6","1","0","0","0","21","0","42","0.88","86","89","79","1.07","63.8","72.3","55.4"
"CHM00057494","WUHAN, CH","1973-11","2052","0","1","0","0","0","0","5","0","33","0.01","74","377","288","0.02","55.4","65.8","45.0"
"CHM00057494","WUHAN, CH","1973-12","2052","0","3","0","0","17","0","0","0","14","0.03","65","1052","675","0.06","43.2","54.2","32.2"
"CHM00057494","WUHAN, CH","1974-01","0","0","11","9","0","24","0","0","0","22","0.54","62","1917","865","2.56","37.1","43.7","30.5"
"CHM00057494","WUHAN, CH","1974-02","0","0","13","6","0","15","2","0","0","17","0.54","64","2620","703","1.96","39.9","47.0","32.8"
"CHM00057494","WUHAN, CH","1974-03","2","2","5","4","0","0","0","5","0","33","0.90","80","3047","427","1.99","51.3","60.1","42.5"
"CHM00057494","WUHAN, CH","1974-04","85","82","8","8","0","0","0","24","0","33","1.41","87","3111","63","5.46","65.6","75.3","55.9"
"CHM00057494","WUHAN, CH","1974-05","326","241","15","11","0","0","0","30","0","56","3.15","88","3114","4","7.75","72.7","79.9","65.4"
"CHM00057494","WUHAN, CH","1974-06","750","424","6","5","0","0","0","30","8","64","1.87","97","3114","0","4.01","79.1","86.6","71.6"
"CHM00057494","WUHAN, CH","1974-07","1281","531","8","3","0","0","0","31","12","67","4.43","94","0","0","5.60","82.1","88.5","75.8"
"CHM00057494","WUHAN, CH","1974-08","1823","543","5","3","0","0","0","31","18","63","0.46","98","0","0","0.94","82.5","90.8","74.2"
"CHM00057494","WUHAN, CH","1974-09","2135","311","6","6","0","0","0","29","11","54","1.09","95","5","5","2.12","75.2","84.1","66.3"
"CHM00057494","WUHAN, CH","1974-10","2152","17","10","6","0","0","0","18","0","41","0.60","83","88","83","2.31","62.9","70.7","55.0"
"CHM00057494","WUHAN, CH","1974-11","2162","10","6","3","0","0","0","8","0","33","0.99","77","401","313","1.85","54.9","63.4","46.4"
"CHM00057494","WUHAN, CH","1974-12","2162","0","10","5","0","6","0","0","0","29","0.39","56","1169","768","1.50","40.2","44.5","36.0"
"CHM00057494","WUHAN, CH","1975-01","0","0","5","2","0","9","0","0","0","28","0.26","56","1872","703","0.52","42.3","49.1","35.5"
"CHM00057494","WUHAN, CH","1975-02","0","0","11","6","0","6","0","0","0","29","0.53","65","2443","572","2.01","44.6","51.6","37.5"
"CHM00057494","WUHAN, CH","1975-03","0","0","12","8","0","1","0","2","0","32","0.67","72","2844","400","2.70","52.1","59.7","44.5"
"CHM00057494","WUHAN, CH","1975-04","20","20","14","12","0","0","0","13","0","41","2.18","82","2954","111","8.67","62.0","68.6","55.3"
"CHM00057494","WUHAN, CH","1975-05","145","126","16","11","0","0","0","24","2","53","2.63","91","2978","24","5.41","68.3","74.7","61.8"
"CHM00057494","WUHAN, CH","1975-06","555","410","12","9","0","0","0","30","10","67","2.70","96","2978","0","9.83","78.7","85.4","71.9"
"CHM00057494","WUHAN, CH","1975-07","1150","595","8","8","0","0","0","31","25","69","1.70","98","0","0","3.99","84.2","91.6","76.8"
"CHM00057494","WUHAN, CH","1975-08","1731","581","10","5","0","0","0","31","20","72","3.16","94","0","0","7.34","83.7","90.2","77.3"
"CHM00057494","WUHAN, CH","1975-09","2137","406","7","6","0","0","0","30","9","63","0.92","97","0","0","3.43","78.5","85.5","71.6"
"CHM00057494","WUHAN, CH","1975-10","2209","71","12","8","0","0","0","18","0","44","1.15","85","78","78","4.88","64.8","71.1","58.4"
"CHM00057494","WUHAN, CH","1975-11","2209","0","8","2","0","3","0","0","0","22","0.37","67","473","395","0.86","51.8","59.8","43.9"
"CHM00057494","WUHAN, CH","1975-12","2209","0","7","5","0","21","0","0","0","20","0.62","68","1273","800","2.44","39.2","48.0","30.4"
"CHM00057494","WUHAN, CH","1976-01","0","0","7","2","0","18","0","0","0","21","0.34","60","2061","788","0.73","39.6","48.5","30.6"
"CHM00057494","WUHAN, CH","1976-02","0","0","11","5","0","4","0","0","0","29","2.02","65","2637","576","4.74","45.1","51.6","38.7"
"CHM00057494","WUHAN, CH","1976-03","0","0","14","9","0","1","0","0","0","32","0.70","64","3151","514","2.84","48.4","54.6","42.2"
"CHM00057494","WUHAN, CH","1976-04","44","44","16","10","0","0","0","11","0","43","1.17","89","3337","186","3.85","60.3","68.3","52.2"
"CHM00057494","WUHAN, CH","1976-05","279","235","11","6","0","0","0","31","2","52","1.15","92","3339","2","4.09","72.5","80.5","64.5"
"CHM00057494","WUHAN, CH","1976-06","664","385","13","9","0","0","0","30","3","65","2.80","91","3339","0","10.65","77.8","84.4","71.2"
"CHM00057494","WUHAN, CH","1976-07","1215","551","6","3","0","0","0","31","18","65","0.70","98","0","0","1.17","82.8","90.2","75.4"
"CHM00057494","WUHAN, CH","1976-08","1816","601","7","3","0","0","0","31","19","69","0.29","99","0","0","0.73","84.4","91.6","77.1"
"CHM00057494","WUHAN, CH","1976-09","2091","276","10","3","0","0","0","30","1","56","0.26","92","0","0","0.81","74.2","82.8","65.6"
"CHM00057494","WUHAN, CH","1976-10","2179","88","9","8","0","0","0","25","0","50","1.24","88","40","40","4.11","66.5","75.2","57.8"
"CHM00057494","WUHAN, CH","1976-11","2180","1","5","3","0","8","0","4","0","26","0.32","76","556","515","0.89","47.9","56.3","39.4"
"CHM00057494","WUHAN, CH","1976-12","2180","0","5","1","0","11","1","0","0","17","0.24","66","1234","678","0.52","43.1","51.2","35.1"
"CHM00057494","WUHAN, CH","1977-01","0","0","8","3","1","25","4","0","0","-1","0.45","49","2235","1001","1.05","32.7","39.2","26.2"
"CHM00057494","WUHAN, CH","1977-02","0","0","6","3","0","17","0","1","0","12","0.23","73","2904","668","0.71","41.1","50.5","31.7"
"CHM00057494","WUHAN, CH","1977-03","1","1","13","10","0","1","0","6","0","31","1.45","79","3219","316","5.12","54.9","63.8","45.9"
"CHM00057494","WUHAN, CH","1977-04","60","59","16","12","0","0","0","15","1","47","2.54","90","3309","90","10.06","64.0","70.5","57.4"
"CHM00057494","WUHAN, CH","1977-05","211","151","15","11","0","0","0","20","0","48","1.30","88","3356","47","7.65","68.4","74.3","62.5"
"CHM00057494","WUHAN, CH","1977-06","591","380","11","5","0","0","0","30","2","63","2.71","92","3356","0","4.67","77.7","83.9","71.4"
"CHM00057494","WUHAN, CH","1977-07","1210","619","12","8","0","0","0","31","23","72","1.42","98","0","0","4.57","85.0","91.3","78.6"
"CHM00057494","WUHAN, CH","1977-08","1731","520","7","5","0","0","0","31","10","70","1.87","96","0","0","4.78","81.8","88.2","75.4"
"CHM00057494","WUHAN, CH","1977-09","2025","294","10","7","0","0","0","29","5","61","1.35","94","0","0","3.03","74.8","82.0","67.6"
"CHM00057494","WUHAN, CH","1977-10","2154","129","9","4","0","0","0","27","0","49","0.78","87","26","26","1.85","68.3","76.4","60.2"
"CHM00057494","WUHAN, CH","1977-11","2154","0","4","2","0","1","0","2","0","31","0.94","76","382","356","1.81","53.1","62.5","43.7"
"CHM00057494","WUHAN, CH","1977-12","2154","0","7","6","0","2","0","0","0","29","0.58","66","976","594","1.85","45.8","53.4","38.3"
"CHM00057494","WUHAN, CH","1978-01","0","0","6","2","0","15","1","0","0","20","0.71","62","1731","755","1.36","40.6","49.0","32.3"
"CHM00057494","WUHAN, CH","1978-02","0","0","10","7","0","11","1","0","0","25","0.63","68","2380","648","2.26","41.8","49.8","33.9"
"CHM00057494","WUHAN, CH","1978-03","0","0","9","6","0","0","0","1","0","32","1.21","72","2826","446","3.54","50.6","58.3","42.9"
"CHM00057494","WUHAN, CH","1978-04","72","72","9","6","0","0","0","18","1","41","1.18","90","2965","138","3.06","62.8","72.4","53.1"
"CHM00057494","WUHAN, CH","1978-05","313","242","9","7","0","0","0","30","0","55","1.75","88","2971","6","8.06","72.6","80.5","64.7"
"CHM00057494","WUHAN, CH","1978-06","711","398","8","6","0","0","0","29","6","60","2.09","95","2971","0","6.40","78.3","85.1","71.4"
"CHM00057494","WUHAN, CH","1978-07","1399","688","5","3","0","0","0","31","28","74","0.65","99","0","0","1.14","87.2","94.9","79.5"
"CHM00057494","WUHAN, CH","1978-08","2072","673","5","4","0","0","0","31","27","73","0.18","102","0","0","0.62","86.7","94.8","78.6"
"CHM00057494","WUHAN, CH","1978-09","2424","352","3","2","0","0","0","30","9","59","0.22","98","0","0","0.39","76.7","85.9","67.6"
"CHM00057494","WUHAN, CH","1978-10","2495","70","10","4","0","0","0","21","1","34","1.80","91","79","79","2.68","64.7","74.2","55.1"
"CHM00057494","WUHAN, CH","1978-11","2495","0","12","8","0","2","0","2","0","28","0.40","71","460","381","1.96","52.3","57.8","46.7"
"CHM00057494","WUHAN, CH","1978-12","2495","0","6","2","0","8","0","0","0","25","0.28","69","1077","616","0.60","45.1","53.5","36.7"
"CHM00057494","WUHAN, CH","1979-01","0","0","9","4","0","16","4","1","0","17","0.35","71","1856","779","1.24","39.9","47.9","31.8"
"CHM00057494","WUHAN, CH","1979-02","0","0","4","1","0","7","0","2","0","24","0.78","73","2357","501","0.87","47.1","57.5","36.7"
"CHM00057494","WUHAN, CH","1979-03","7","7","7","5","0","4","0","4","0","30","1.85","79","2799","442","3.31","51.0","59.2","42.7"
"CHM00057494","WUHAN, CH","1979-04","56","49","14","8","0","0","0","13","0","42","1.18","89","2965","166","4.96","61.1","69.0","53.2"
"CHM00057494","WUHAN, CH","1979-05","233","177","10","7","0","0","0","24","2","51","2.09","91","2998","33","4.70","69.6","77.8","61.5"
"CHM00057494","WUHAN, CH","1979-06","685","451","9","9","0","0","0","30","9","65","4.20","94","2998","0","15.20","80.0","87.5","72.6"
"CHM00057494","WUHAN, CH","1979-07","1284","599","7","4","0","0","0","31","20","71","1.30","98","0","0","3.79","84.3","90.9","77.7"
"CHM00057494","WUHAN, CH","1979-08","1887","603","2","2","0","0","0","31","18","68","0.81","99","0","0","1.39","84.5","90.9","78.0"
"CHM00057494","WUHAN, CH","1979-09","2105","218","10","6","0","0","0","26","1","54","0.39","90","5","5","1.98","72.1","78.8","65.4"
"CHM00057494","WUHAN, CH","1979-10","2182","77","0","0","0","0","0","31","0","47","0.00","85","18","13","0.00","67.1","80.3","53.8"
"CHM00057494","WUHAN, CH","1979-11","2204","22","1","1","0","4","0","8","0","27","0.37","86","417","399","0.39","52.4","62.6","42.3"
"CHM00057494","WUHAN, CH","1979-12","2204","0","7","3","0","7","0","0","0","24","0.94","66","990","573","1.65","46.5","54.1","38.9"
"CHM00057494","WUHAN, CH","1980-01","0","0","9","3","0","12","1","0","0","16","0.83","58","1783","793","1.69","39.4","46.4","32.4"
"CHM00057494","WUHAN, CH","1980-02","0","0","5","5","0","13","0","0","0","20","0.65","58","2478","695","1.52","41.0","47.5","34.5"
"CHM00057494","WUHAN, CH","1980-03","0","0","16","14","0","1","0","0","0","32","1.30","66","3077","599","7.40","45.7","50.8","40.5"
"CHM00057494","WUHAN, CH","1980-04","23","23","13","5","0","0","0","11","0","35","0.85","85","3232","155","2.20","60.6","68.6","52.5"
"CHM00057494","WUHAN, CH","1980-05","277","255","11","8","0","0","0","30","5","54","1.87","96","3237","5","5.74","73.1","81.3","64.8"
"CHM00057494","WUHAN, CH","1980-06","668","390","16","12","0","0","0","30","7","64","2.92","94","3237","0","11.01","78.0","84.3","71.7"
"CHM00057494","WUHAN, CH","1980-07","1166","498","14","10","0","0","0","31","12","69","4.77","99","0","0","11.81","81.1","86.6","75.5"
"CHM00057494","WUHAN, CH","1980-08","1587","421","15","12","0","0","0","31","1","65","4.89","91","0","0","16.66","78.6","84.0","73.2"
"CHM00057494","WUHAN, CH","1980-09","1799","212","6","5","0","0","0","29","4","54","0.65","93","0","0","1.82","72.0","79.8","64.3"
"CHM00057494","WUHAN, CH","1980-10","1868","69","9","8","0","0","0","21","0","43","0.93","83","53","53","3.35","65.5","72.8","58.2"
"CHM00057494","WUHAN, CH","1980-11","1868","0","3","3","0","0","0","6","0","38","0.29","75","294","241","0.70","57.0","66.5","47.5"
"CHM00057494","WUHAN, CH","1980-12","1868","0","1","0","0","14","0","0","0","18","0.01","64","964","670","0.01","43.4","53.2","33.5"
"CHM00057494","WUHAN, CH","1981-01","0","0","14","7","0","22","4","0","0","20","0.46","63","1853","889","2.15","36.3","42.4","30.2"
"CHM00057494","WUHAN, CH","1981-02","0","0","7","4","0","8","0","0","0","27","0.53","65","2486","632","1.37","42.4","48.9","35.9"
"CHM00057494","WUHAN, CH","1981-03","0","0","14","11","0","0","0","1","0","35","0.73","71","2807","321","4.47","54.6","61.6","47.7"
"CHM00057494","WUHAN, CH","1981-04","45","45","11","5","0","0","0","16","0","42","1.37","83","2925","118","4.43","62.6","69.9","55.2"
"CHM00057494","WUHAN, CH","1981-05","248","202","9","4","0","0","0","31","3","48","0.50","96","2934","9","1.43","71.2","80.9","61.6"
"CHM00057494","WUHAN, CH","1981-06","694","446","8","6","0","0","0","30","12","60","4.65","99","2934","0","8.79","79.9","87.7","72.1"
"CHM00057494","WUHAN, CH","1981-07","1343","648","7","5","0","0","0","31","26","73","1.56","97","0","0","3.30","85.9","92.9","79.0"
"CHM00057494","WUHAN, CH","1981-08","1969","626","6","6","0","0","0","31","23","72","2.47","99","0","0","6.59","85.2","92.4","78.0"
"CHM00057494","WUHAN, CH","1981-09","2222","253","7","4","0","0","0","26","1","57","0.97","90","6","6","2.50","73.3","80.7","65.8"
"CHM00057494","WUHAN, CH","1981-10","2223","0","17","14","0","0","0","6","0","38","1.61","76","184","178","6.64","59.3","65.9","52.6"
"CHM00057494","WUHAN, CH","1981-11","2223","0","12","9","0","0","0","1","0","33","0.89","70","616","432","3.69","50.6","56.7","44.5"
"CHM00057494","WUHAN, CH","1981-12","2223","0","2","0","0","12","0","0","0","24","0.04","66","1311","695","0.06","42.6","52.0","33.2"
"CHM00057494","WUHAN, CH","1982-01","0","0","9","5","0","13","0","0","0","25","0.33","69","2052","741","1.16","41.1","49.0","33.2"
"CHM00057494","WUHAN, CH","1982-02","0","0","14","6","0","4","0","0","0","14","0.93","59","2716","663","3.02","41.3","46.3","36.3"
"CHM00057494","WUHAN, CH","1982-03","0","0","15","13","0","0","0","1","0","34","1.09","70","3172","456","5.10","50.3","56.6","43.9"
"CHM00057494","WUHAN, CH","1982-04","30","30","10","6","0","0","0","15","0","38","0.83","82","3301","129","2.71","61.7","70.0","53.4"
"CHM00057494","WUHAN, CH","1982-05","316","286","8","6","0","0","0","30","5","53","3.01","96","3307","6","5.76","74.0","82.8","65.3"
"CHM00057494","WUHAN, CH","1982-06","643","326","10","6","0","0","0","30","1","63","11.75","90","3307","0","16.25","75.9","82.2","69.5"
"CHM00057494","WUHAN, CH","1982-07","1223","580","9","6","0","0","0","31","18","73","2.04","96","0","0","8.07","83.7","90.3","77.1"
"CHM00057494","WUHAN, CH","1982-08","1716","493","17","9","0","0","0","31","11","66","3.02","96","0","0","10.29","80.9","86.4","75.4"
"CHM00057494","WUHAN, CH","1982-09","1935","219","11","8","0","0","0","27","0","52","2.33","89","12","12","5.52","71.9","78.0","65.8"
"CHM00057494","WUHAN, CH","1982-10","2033","98","8","3","0","0","0","22","0","51","0.39","85","37","25","0.82","67.4","75.0","59.7"
"CHM00057494","WUHAN, CH","1982-11","2033","0","14","8","0","0","0","1","0","36","1.38","73","359","322","5.41","54.3","60.0","48.5"
"CHM00057494","WUHAN, CH","1982-12","2033","0","4","0","0","10","0","0","0","25","0.07","62","1050","691","0.14","42.7","51.4","34.1"
"CHM00057494","WUHAN, CH","1983-01","0","0","7","4","0","18","0","0","0","21","0.73","66","1857","807","1.54","39.0","46.6","31.4"
"CHM00057494","WUHAN, CH","1983-02","0","0","6","3","0","9","0","0","0","26","0.28","63","2483","626","0.65","42.6","50.7","34.6"
"CHM00057494","WUHAN, CH","1983-03","0","0","6","3","0","2","0","0","0","27","0.70","70","2951","467","1.35","49.9","57.9","41.9"
"CHM00057494","WUHAN, CH","1983-04","31","31","17","10","0","0","0","15","0","43","1.65","85","3056","106","6.72","62.5","70.1","54.9"
"CHM00057494","WUHAN, CH","1983-05","318","288","11","10","0","0","0","25","2","48","1.54","92","3076","20","7.54","73.6","80.8","66.5"
"CHM00057494","WUHAN, CH","1983-06","687","368","19","12","0","0","0","30","3","68","5.17","92","3076","0","15.22","77.3","83.1","71.4"
"CHM00057494","WUHAN, CH","1983-07","1197","510","15","9","0","0","0","31","12","70","6.13","96","0","0","12.65","81.4","86.8","76.1"
"CHM00057494","WUHAN, CH","1983-08","1770","573","6","4","0","0","0","31","20","65","2.33","99","0","0","4.55","83.5","90.6","76.4"
"CHM00057494","WUHAN, CH","1983-09","2128","358","9","5","0","0","0","30","3","59","2.62","94","0","0","6.02","76.9","84.0","69.8"
"CHM00057494","WUHAN, CH","1983-10","2195","68","14","9","0","0","0","15","0","47","3.61","85","104","104","16.11","63.8","69.8","57.9"
"CHM00057494","WUHAN, CH","1983-11","2195","0","4","2","0","1","0","5","0","32","1.02","73","412","308","1.38","54.7","63.9","45.6"
"CHM00057494","WUHAN, CH","1983-12","2195","0","5","5","0","9","0","0","0","25","0.24","65","1049","637","0.87","44.5","52.4","36.4"
"CHM00057494","WUHAN, CH","1984-01","0","0","5","2","0","26","0","0","0","9","1.21","59","1961","912","1.42","35.6","43.6","27.6"
"CHM00057494","WUHAN, CH","1984-02","0","0","4","3","0","13","0","0","0","22","0.33","53","2719","758","0.82","38.9","44.0","33.8"
"CHM00057494","WUHAN, CH","1984-03","1","1","10","5","0","0","0","3","0","33","0.75","78","3139","420","2.13","51.5","60.0","43.0"
"CHM00057494","WUHAN, CH","1984-04","30","29","14","11","0","0","0","12","0","46","0.98","85","3264","124","4.02","61.8","68.9","54.7"
"CHM00057494","WUHAN, CH","1984-05","217","187","11","7","0","0","0","25","2","47","0.80","92","3299","35","2.96","69.9","77.0","62.8"
"CHM00057494","WUHAN, CH","1984-06","652","435","14","10","0","0","0","29","13","63","5.04","94","3299","0","17.81","79.5","86.4","72.6"
"CHM00057494","WUHAN, CH","1984-07","1247","595","11","6","0","0","0","31","21","71","1.35","97","0","0","4.85","84.2","90.7","77.7"
"CHM00057494","WUHAN, CH","1984-08","1852","605","8","5","0","0","0","31","25","65","1.32","99","0","0","3.65","84.5","92.0","77.0"
"CHM00057494","WUHAN, CH","1984-09","2121","268","9","5","0","0","0","25","4","59","0.98","93","6","6","1.78","73.7","80.9","66.5"
"CHM00057494","WUHAN, CH","1984-10","2153","32","6","5","0","0","0","21","0","45","0.86","83","70","64","2.26","64.0","72.5","55.5"
"CHM00057494","WUHAN, CH","1984-11","2158","5","6","5","0","0","0","7","0","34","1.26","79","371","301","2.60","55.1","62.1","48.1"
"CHM00057494","WUHAN, CH","1984-12","2158","0","10","7","0","14","0","0","0","19","0.87","67","1190","819","3.29","38.6","44.6","32.6"
"CHM00057494","WUHAN, CH","1985-01","0","0","5","2","0","15","0","0","0","25","0.14","60","2000","810","0.47","38.9","46.0","31.7"
"CHM00057494","WUHAN, CH","1985-02","0","0","13","6","0","7","2","0","0","26","0.47","64","2642","641","2.02","42.1","48.5","35.7"
"CHM00057494","WUHAN, CH","1985-03","0","0","14","8","0","1","0","0","0","31","1.41","67","3219","577","3.91","46.4","51.9","40.9"
"CHM00057494","WUHAN, CH","1985-04","85","85","8","3","0","0","0","21","0","44","1.55","89","3315","96","3.27","64.6","73.5","55.8"
"CHM00057494","WUHAN, CH","1985-05","338","253","18","10","0","0","0","27","3","58","3.39","93","3320","5","9.96","73.0","79.4","66.6"
"CHM00057494","WUHAN, CH","1985-06","737","399","8","6","0","0","0","30","5","65","0.94","91","3320","0","3.11","78.3","84.8","71.9"
"CHM00057494","WUHAN, CH","1985-07","1319","582","10","5","0","0","0","31","21","70","1.78","96","0","0","5.46","83.8","90.5","77.1"
"CHM00057494","WUHAN, CH","1985-08","1953","634","7","4","0","0","0","31","24","72","0.43","99","0","0","1.37","85.5","92.6","78.3"
"CHM00057494","WUHAN, CH","1985-09","2236","283","11","5","0","0","0","27","7","58","1.65","97","1","1","3.83","74.4","81.4","67.3"
"CHM00057494","WUHAN, CH","1985-10","2302","66","16","13","0","0","0","13","0","49","1.27","90","130","128","4.60","63.0","69.2","56.8"
"CHM00057494","WUHAN, CH","1985-11","2302","0","6","3","0","0","0","1","0","34","1.26","71","460","330","1.71","54.0","62.3","45.7"
"CHM00057494","WUHAN, CH","1985-12","2302","0","9","4","0","18","3","0","0","18","0.20","59","1282","822","0.82","38.5","45.3","31.6"
"CHM00057494","WUHAN, CH","1986-01","0","0","3","2","0","14","0","0","0","23","0.31","60","2009","726","0.49","41.6","49.4","33.7"
"CHM00057494","WUHAN, CH","1986-02","0","0","2","1","0","11","0","0","0","27","0.36","66","2613","605","0.39","43.4","52.0","34.8"
"CHM00057494","WUHAN, CH","1986-03","0","0","11","7","0","3","0","4","0","30","0.61","75","3018","405","3.08","51.9","60.3","43.6"
"CHM00057494","WUHAN, CH","1986-04","38","38","15","10","0","0","0","11","1","45","1.20","90","3139","121","5.93","62.2","68.9","55.6"
"CHM00057494","WUHAN, CH","1986-05","341","303","8","6","0","0","0","27","8","53","0.89","95","3152","13","2.52","74.4","83.2","65.5"
"CHM00057494","WUHAN, CH","1986-06","754","414","13","7","0","0","0","30","6","65","2.36","94","3152","0","6.55","78.8","85.1","72.5"
"CHM00057494","WUHAN, CH","1986-07","1282","527","12","7","0","0","0","31","16","68","4.32","95","0","0","8.91","82.0","88.4","75.6"
"CHM00057494","WUHAN, CH","1986-08","1829","547","7","3","0","0","0","31","16","65","0.58","99","0","0","0.99","82.7","90.6","74.7"
"CHM00057494","WUHAN, CH","1986-09","2116","287","6","5","0","0","0","29","6","53","1.89","94","1","1","5.11","74.5","83.3","65.7"
"CHM00057494","WUHAN, CH","1986-10","2173","57","7","4","0","0","0","17","0","35","2.57","86","132","130","4.00","62.6","71.4","53.9"
"CHM00057494","WUHAN, CH","1986-11","2173","0","3","3","0","1","0","3","0","28","0.76","75","546","414","1.77","51.2","58.3","44.1"
"CHM00057494","WUHAN, CH","1986-12","2173","0","7","3","0","7","0","0","0","27","0.66","68","1228","681","1.59","43.0","49.8","36.2"
"CHM00057494","WUHAN, CH","1987-01","0","0","10","5","0","8","0","0","0","27","0.82","62","1930","702","2.30","42.3","49.3","35.4"
"CHM00057494","WUHAN, CH","1987-02","4","4","10","8","0","8","0","3","0","28","0.69","79","2495","565","2.09","44.9","52.3","37.6"
"CHM00057494","WUHAN, CH","1987-03","4","0","15","7","0","1","0","1","0","32","1.42","75","3003","508","4.24","48.6","55.8","41.4"
"CHM00057494","WUHAN, CH","1987-04","70","67","12","8","0","0","0","18","0","35","2.00","87","3175","172","5.89","61.5","70.1","52.9"
"CHM00057494","WUHAN, CH","1987-05","313","242","12","9","0","0","0","26","3","52","2.50","96","3198","22","7.71","72.1","79.6","64.6"
"CHM00057494","WUHAN, CH","1987-06","651","339","10","5","0","0","0","28","2","55","2.21","93","3201","4","6.55","76.2","83.3","69.0"
"CHM00057494","WUHAN, CH","1987-07","1176","525","12","10","0","0","0","31","13","68","1.91","96","0","0","6.92","81.9","88.0","75.9"
"CHM00057494","WUHAN, CH","1987-08","1764","587","13","9","0","0","0","31","22","71","2.11","95","0","0","8.80","83.9","90.8","77.1"
"CHM00057494","WUHAN, CH","1987-09","2096","332","3","0","0","0","0","30","3","52","0.06","94","1","1","0.13","76.0","83.9","68.1"
"CHM00057494","WUHAN, CH","1987-10","2253","157","10","9","0","0","0","20","0","46","3.38","89","100","99","9.02","66.9","74.4","59.4"
"CHM00057494","WUHAN, CH","1987-11","2253","0","11","6","0","3","0","3","0","26","1.89","74","470","370","3.42","52.7","60.4","44.9"
"CHM00057494","WUHAN, CH","1987-12","2253","0","0","0","0","12","0","3","0","25","0.00","72","1097","627","0.00","44.8","55.6","33.9"
"CHM00057494","WUHAN, CH","1988-01","0","0","5","2","0","16","0","0","0","25","0.39","54","1899","802","0.66","39.1","45.1","33.2"
"CHM00057494","WUHAN, CH","1988-02","0","0","7","5","0","11","0","0","0","25","1.81","67","2610","711","3.78","40.5","46.7","34.2"
"CHM00057494","WUHAN, CH","1988-03","5","5","8","4","0","5","0","3","0","27","0.76","80","3161","551","2.03","47.4","54.1","40.7"
"CHM00057494","WUHAN, CH","1988-04","56","52","8","5","0","0","0","21","0","38","0.54","89","3252","91","1.54","63.7","72.9","54.5"
"CHM00057494","WUHAN, CH","1988-05","315","258","18","13","0","0","0","27","5","52","4.08","95","3278","26","11.89","72.5","79.6","65.3"
"CHM00057494","WUHAN, CH","1988-06","748","433","12","10","0","0","0","30","10","60","2.64","95","3278","0","8.84","79.4","86.5","72.4"
"CHM00057494","WUHAN, CH","1988-07","1436","688","9","5","0","0","0","31","29","73","1.37","101","0","0","3.32","87.2","94.5","79.8"
"CHM00057494","WUHAN, CH","1988-08","1972","536","9","8","0","0","0","31","14","65","3.59","100","0","0","12.38","82.3","88.9","75.7"
"CHM00057494","WUHAN, CH","1988-09","2235","262","8","5","0","0","0","30","1","56","4.41","90","0","0","6.41","73.7","80.7","66.8"
"CHM00057494","WUHAN, CH","1988-10","2276","41","6","3","0","0","0","22","0","41","0.52","82","58","58","1.18","64.4","72.3","56.6"
"CHM00057494","WUHAN, CH","1988-11","2276","0","1","0","0","1","0","12","0","32","0.09","77","359","301","0.09","55.0","66.6","43.3"
"CHM00057494","WUHAN, CH","1988-12","2276","0","4","1","0","3","0","0","0","30","0.26","68","957","597","0.32","45.7","53.4","38.0"
"CHM00057494","WUHAN, CH","1989-01","0","0","13","8","0","10","0","0","0","25","0.72","55","1749","792","2.78","39.4","44.4","34.5"
"CHM00057494","WUHAN, CH","1989-02","0","0","12","9","0","9","0","0","0","28","1.65","61","2416","666","4.21","41.2","47.0","35.4"
"CHM00057494","WUHAN, CH","1989-03","0","0","11","10","0","1","0","1","0","32","0.65","72","2870","454","3.55","50.3","57.5","43.2"
"CHM00057494","WUHAN, CH","1989-04","37","37","15","10","0","0","0","14","0","47","1.38","80","2981","111","6.37","62.5","69.3","55.8"
"CHM00057494","WUHAN, CH","1989-05","196","159","9","7","0","0","0","28","0","55","3.76","87","2992","10","6.81","69.8","76.9","62.7"
"CHM00057494","WUHAN, CH","1989-06","564","368","13","12","0","0","0","30","4","64","3.02","95","2992","0","13.97","77.3","83.9","70.6"
"CHM00057494","WUHAN, CH","1989-07","1124","560","11","8","0","0","0","31","16","68","1.80","100","0","0","5.40","83.1","89.8","76.4"
"CHM00057494","WUHAN, CH","1989-08","1637","512","10","6","0","0","0","31","7","71","3.14","96","0","0","6.44","81.5","88.2","74.9"
"CHM00057494","WUHAN, CH","1989-09","1899","262","11","5","0","0","0","29","1","60","2.24","91","2","2","4.72","73.7","79.8","67.5"
"CHM00057494","WUHAN, CH","1989-10","1978","79","7","6","0","0","0","24","0","47","2.03","82","49","47","5.50","66.0","73.5","58.5"
"CHM00057494","WUHAN, CH","1989-11","1979","1","8","8","0","1","0","2","0","32","1.83","72","438","389","4.48","52.1","58.3","45.8"
"CHM00057494","WUHAN, CH","1989-12","1979","0","5","3","0","3","0","0","0","32","0.40","69","1051","613","0.93","45.2","52.2","38.2"
"CHM00057494","WUHAN, CH","1990-01","0","0","11","6","0","7","1","0","0","21","0.74","56","1848","797","2.05","39.3","44.4","34.2"
"CHM00057494","WUHAN, CH","1990-02","0","0","15","11","0","7","0","0","0","20","1.83","61","2526","678","7.21","40.8","45.3","36.2"
"CHM00057494","WUHAN, CH","1990-03","3","3","13","9","0","0","0","5","0","35","0.83","79","2892","367","3.72","53.3","60.4","46.1"
"CHM00057494","WUHAN, CH","1990-04","36","33","11","8","0","0","0","14","0","44","4.33","81","3020","128","7.80","61.8","68.9","54.8"
"CHM00057494","WUHAN, CH","1990-05","272","236","10","8","0","0","0","27","4","54","1.72","91","3039","20","5.88","72.0","79.5","64.5"
"CHM00057494","WUHAN, CH","1990-06","736","465","7","7","0","0","0","30","12","62","2.21","94","3039","0","8.65","80.5","87.5","73.4"
"CHM00057494","WUHAN, CH","1990-07","1403","666","8","5","0","0","0","31","26","69","2.67","100","0","0","5.24","86.5","93.3","79.7"
"CHM00057494","WUHAN, CH","1990-08","2034","631","6","3","0","0","0","31","23","72","2.27","99","0","0","4.69","85.4","92.6","78.1"
"CHM00057494","WUHAN, CH","1990-09","2409","375","7","4","0","0","0","30","8","58","0.59","97","0","0","1.51","77.5","84.5","70.5"
"CHM00057494","WUHAN, CH","1990-10","2486","77","7","4","0","0","0","21","0","44","0.67","84","47","47","1.33","66.0","73.9","58.0"
"CHM00057494","WUHAN, CH","1990-11","2493","7","9","6","0","0","0","10","0","37","1.54","81","297","249","3.65","56.9","65.1","48.8"
"CHM00057494","WUHAN, CH","1990-12","2493","0","7","5","0","5","0","1","0","25","0.68","71","937","640","1.62","44.3","52.4","36.3"
"CHM00057494","WUHAN, CH","1991-01","0","0","7","5","0","7","0","0","0","28","1.01","59","1666","729","2.12","41.5","46.8","36.2"
"CHM00057494","WUHAN, CH","1991-02","0","0","10","9","0","2","0","0","0","29","1.15","60","2232","566","4.54","44.8","51.0","38.6"
"CHM00057494","WUHAN, CH","1991-03","0","0","13","8","0","0","0","1","0","32","0.97","74","2767","535","4.96","47.7","54.1","41.4"
"CHM00057494","WUHAN, CH","1991-04","15","15","14","9","0","0","0","12","0","39","3.70","80","2930","163","6.73","60.1","67.2","52.9"
"CHM00057494","WUHAN, CH","1991-05","198","183","12","10","0","0","0","22","1","47","3.41","94","2981","52","8.35","69.2","76.5","62.0"
"CHM00057494","WUHAN, CH","1991-06","639","441","11","8","0","0","0","30","8","66","2.15","95","2981","0","7.59","79.7","85.9","73.5"
"CHM00057494","WUHAN, CH","1991-07","1217","578","12","12","0","0","0","31","18","68","8.26","101","0","0","28.36","83.6","89.1","78.2"
"CHM00057494","WUHAN, CH","1991-08","1766","550","8","4","0","0","0","31","16","70","3.25","96","0","0","4.53","82.7","89.3","76.2"
"CHM00057494","WUHAN, CH","1991-09","2092","326","8","3","0","0","0","29","3","62","0.78","97","0","0","1.40","75.9","82.9","68.8"
"CHM00057494","WUHAN, CH","1991-10","2153","61","3","1","0","0","0","27","0","37","0.14","87","58","58","0.20","65.1","74.6","55.6"
"CHM00057494","WUHAN, CH","1991-11","2156","3","1","0","0","0","0","7","0","35","0.09","78","377","319","0.09","54.5","64.5","44.5"
"CHM00057494","WUHAN, CH","1991-12","2156","0","6","3","0","7","2","0","0","15","0.85","70","1032","655","1.80","43.9","50.2","37.6"
"CHM00057494","WUHAN, CH","1992-01","0","0","4","1","0","13","0","0","0","25","0.56","68","1746","714","0.78","42.0","49.9","34.0"
"CHM00057494","WUHAN, CH","1992-02","6","6","6","4","0","5","0","3","0","29","0.67","80","2282","536","1.18","46.7","55.2","38.3"
"CHM00057494","WUHAN, CH","1992-03","6","0","22","16","0","2","0","2","0","31","1.28","70","2846","564","8.86","46.8","52.4","41.2"
"CHM00057494","WUHAN, CH","1992-04","73","67","6","4","0","0","0","19","0","47","1.80","87","2907","60","4.15","65.2","73.7","56.7"
"CHM00057494","WUHAN, CH","1992-05","333","260","11","7","0","0","0","30","1","59","2.78","90","2909","2","5.69","73.3","80.7","66.0"
"CHM00057494","WUHAN, CH","1992-06","706","372","13","11","0","0","0","30","8","63","4.10","94","2909","0","13.15","77.4","84.0","70.8"
"CHM00057494","WUHAN, CH","1992-07","1286","580","7","5","0","0","0","31","20","70","1.22","99","0","0","3.67","83.7","90.9","76.6"
"CHM00057494","WUHAN, CH","1992-08","1890","604","5","3","0","0","0","31","19","67","1.18","101","0","0","1.72","84.5","91.7","77.2"
"CHM00057494","WUHAN, CH","1992-09","2160","270","9","5","0","0","0","28","3","54","1.18","93","2","2","2.43","73.9","80.6","67.2"
"CHM00057494","WUHAN, CH","1992-10","2199","39","4","2","0","0","0","18","1","42","0.20","93","128","126","0.38","62.2","72.1","52.3"
"CHM00057494","WUHAN, CH","1992-11","2199","0","4","3","0","0","0","8","0","32","0.28","78","438","310","0.61","54.7","65.6","43.8"
"CHM00057494","WUHAN, CH","1992-12","2199","0","9","5","0","4","0","0","0","29","0.34","63","1052","614","1.33","45.2","52.2","38.2"
"CHM00057494","WUHAN, CH","1993-01","0","0","9","8","0","20","0","0","0","18","1.27","60","1940","887","3.98","36.4","43.2","29.6"
"CHM00057494","WUHAN, CH","1993-02","0","0","8","6","0","4","0","2","0","29","0.96","76","2459","520","3.52","46.4","54.4","38.5"
"CHM00057494","WUHAN, CH","1993-03","0","0","13","10","0","0","0","4","0","34","0.96","73","2895","435","5.16","51.0","57.7","44.2"
"CHM00057494","WUHAN, CH","1993-04","101","101","10","6","0","0","0","17","0","43","1.56","90","3036","141","5.00","63.7","71.5","55.8"
"CHM00057494","WUHAN, CH","1993-05","251","150","17","10","0","0","0","23","1","55","4.28","91","3050","14","10.19","69.4","76.2","62.6"
"CHM00057494","WUHAN, CH","1993-06","718","467","10","7","0","0","0","30","10","64","1.43","96","3050","0","5.45","80.6","87.5","73.7"
"CHM00057494","WUHAN, CH","1993-07","1233","515","11","7","0","0","0","31","10","66","2.54","96","0","0","7.61","81.6","87.3","75.9"
"CHM00057494","WUHAN, CH","1993-08","1708","475","7","7","0","0","0","31","9","66","1.38","94","0","0","4.69","80.3","86.0","74.7"
"CHM00057494","WUHAN, CH","1993-09","2023","315","9","8","0","0","0","30","1","55","4.19","92","0","0","8.04","75.5","82.7","68.3"
"CHM00057494","WUHAN, CH","1993-10","2091","68","7","6","0","0","0","19","0","40","1.00","85","74","74","2.43","64.8","72.9","56.7"
"CHM00057494","WUHAN, CH","1993-11","2098","6","14","6","0","4","0","9","0","28","1.89","77","511","436","5.23","50.7","58.3","43.1"
"CHM00057494","WUHAN, CH","1993-12","2098","0","4","4","0","6","0","0","0","26","0.32","63","1160","650","1.09","44.0","52.2","35.9"
"CHM00057494","WUHAN, CH","1994-01","0","0","6","5","0","11","0","0","0","26","0.28","60","1881","721","0.95","41.7","48.9","34.6"
"CHM00057494","WUHAN, CH","1994-02","0","0","10","7","0","5","0","0","0","29","1.22","62","2514","633","3.64","42.4","48.8","36.0"
"CHM00057494","WUHAN, CH","1994-03","0","0","6","5","0","0","0","2","0","32","1.24","71","2981","467","2.61","49.9","57.2","42.7"
"CHM00057494","WUHAN, CH","1994-04","69","69","12","7","0","0","0","17","1","44","1.00","92","3080","99","4.15","64.0","70.8","57.2"
"CHM00057494","WUHAN, CH","1994-05","443","373","10","5","0","0","0","31","5","55","1.49","95","3080","0","3.21","77.0","85.3","68.8"
"CHM00057494","WUHAN, CH","1994-06","870","428","11","5","0","0","0","29","8","66","1.71","96","3080","0","3.61","79.2","85.0","73.5"
"CHM00057494","WUHAN, CH","1994-07","1534","664","10","10","0","0","0","31","22","72","2.93","100","0","0","12.55","86.4","93.2","79.6"
"CHM00057494","WUHAN, CH","1994-08","2185","651","12","5","0","0","0","31","26","74","0.67","99","0","0","1.52","86.0","92.3","79.7"
"CHM00057494","WUHAN, CH","1994-09","2465","280","9","7","0","0","0","28","5","58","2.21","95","0","0","4.71","74.3","81.1","67.5"
"CHM00057494","WUHAN, CH","1994-10","2533","69","8","3","0","0","0","19","0","44","0.58","88","104","104","1.08","63.9","71.5","56.3"
"CHM00057494","WUHAN, CH","1994-11","2547","13","9","6","0","0","0","12","0","36","0.48","79","353","249","1.88","57.1","63.8","50.5"
"CHM00057494","WUHAN, CH","1994-12","2547","0","11","3","0","1","0","0","0","29","0.43","64","953","600","1.23","45.6","50.4","40.9"
"CHM00057494","WUHAN, CH","1995-01","0","0","8","4","0","13","0","0","0","28","1.37","54","1763","810","3.27","38.9","44.6","33.2"
"CHM00057494","WUHAN, CH","1995-02","0","0","7","4","0","3","0","0","0","27","0.83","67","2272","510","1.71","46.8","53.5","40.1"
"CHM00057494","WUHAN, CH","1995-03","0","0","9","4","0","0","0","4","0","38","0.47","77","2604","331","1.66","54.3","61.9","46.7"
"CHM00057494","WUHAN, CH","1995-04","8","8","14","11","0","0","0","9","0","44","2.27","75","2711","108","8.06","61.7","67.7","55.7"
"CHM00057494","WUHAN, CH","1995-05","278","270","11","8","0","0","0","30","3","56","4.33","92","2712","0","10.31","73.7","80.8","66.6"
"CHM00057494","WUHAN, CH","1995-06","705","427","12","9","0","0","0","30","1","67","3.60","91","2712","0","8.77","79.2","85.0","73.5"
"CHM00057494","WUHAN, CH","1995-07","1375","670","9","6","0","0","0","31","23","71","2.15","101","0","0","6.63","86.6","92.8","80.4"
"CHM00057494","WUHAN, CH","1995-08","1995","620","10","8","0","0","0","31","18","73","2.25","98","0","0","6.05","85.0","91.1","78.9"
"CHM00057494","WUHAN, CH","1995-09","2377","382","3","0","0","0","0","30","8","62","0.05","100","0","0","0.12","77.7","84.5","71.0"
"CHM00057494","WUHAN, CH","1995-10","2464","87","10","7","0","0","0","15","0","53","1.22","89","43","43","4.20","66.4","73.0","59.9"
"CHM00057494","WUHAN, CH","1995-11","2464","0","0","0","0","0","0","4","0","34","0.01","76","348","306","0.01","54.8","63.0","46.7"
"CHM00057494","WUHAN, CH","1995-12","2464","0","3","1","0","3","0","0","0","27","0.20","59","969","620","0.24","45.0","51.8","38.2"
"CHM00057494","WUHAN, CH","1996-01","0","0","10","6","0","9","0","0","0","29","0.59","67","1729","760","2.28","40.5","46.3","34.6"
"CHM00057494","WUHAN, CH","1996-02","0","0","4","3","0","8","0","2","0","24","0.21","72","2344","615","0.62","43.8","51.6","36.0"
"CHM00057494","WUHAN, CH","1996-03","0","0","16","12","0","1","0","1","0","32","1.16","77","2835","490","6.08","49.2","55.3","43.0"
"CHM00057494","WUHAN, CH","1996-04","70","70","7","5","0","0","0","15","0","42","0.53","83","2994","159","1.41","62.1","69.3","54.8"
"CHM00057494","WUHAN, CH","1996-05","320","249","12","5","0","0","0","28","3","55","2.09","91","3001","7","4.50","72.8","79.7","65.9"
"CHM00057494","WUHAN, CH","1996-06","730","411","17","14","0","0","0","30","9","65","3.46","95","3001","0","12.29","78.7","84.9","72.5"
"CHM00057494","WUHAN, CH","1996-07","1299","568","12","9","0","0","0","31","12","71","4.59","99","0","0","12.02","83.3","88.5","78.2"
"CHM00057494","WUHAN, CH","1996-08","1886","587","11","5","0","0","0","31","19","68","1.84","97","0","0","4.33","83.9","90.1","77.8"
"CHM00057494","WUHAN, CH","1996-09","2272","385","7","4","0","0","0","30","4","63","0.89","92","0","0","1.60","77.8","84.3","71.3"
"CHM00057494","WUHAN, CH","1996-10","2369","97","5","3","0","0","0","23","0","50","1.97","85","52","52","3.47","66.5","73.6","59.3"
"CHM00057494","WUHAN, CH","1996-11","2369","0","15","7","0","0","0","0","0","37","0.90","66","460","408","3.26","51.4","56.7","46.1"
"CHM00057494","WUHAN, CH","1996-12","2369","0","2","0","0","1","0","0","0","30","0.04","66","1020","561","0.08","46.9","55.3","38.5"
"CHM00057494","WUHAN, CH","1997-01","0","0","11","6","0","11","0","0","0","25","0.82","62","1750","729","2.21","41.5","48.1","34.9"
"CHM00057494","WUHAN, CH","1997-02","0","0","9","6","0","1","0","0","0","31","0.95","65","2272","522","3.38","46.3","52.6","40.1"
"CHM00057494","WUHAN, CH","1997-03","3","3","12","3","0","0","0","6","0","41","0.57","75","2578","306","1.09","55.2","61.3","49.1"
"CHM00057494","WUHAN, CH","1997-04","57","54","10","5","0","0","0","15","0","43","0.96","88","2659","81","2.53","64.1","71.4","56.8"
"CHM00057494","WUHAN, CH","1997-05","418","361","8","6","0","0","0","31","6","60","0.89","95","2659","0","2.76","76.6","84.4","68.9"
"CHM00057494","WUHAN, CH","1997-06","874","456","7","5","0","0","0","30","10","61","2.06","96","2659","0","4.12","80.2","87.5","73.0"
"CHM00057494","WUHAN, CH","1997-07","1450","576","17","10","0","0","0","31","20","70","4.19","96","0","0","11.58","83.6","89.1","78.0"
"CHM00057494","WUHAN, CH","1997-08","2103","653","5","3","0","0","0","31","27","72","0.71","97","0","0","1.17","86.1","92.6","79.6"
"CHM00057494","WUHAN, CH","1997-09","2359","256","6","4","0","0","0","28","6","58","0.23","94","0","0","0.85","73.5","81.1","66.0"
"CHM00057494","WUHAN, CH","1997-10","2551","192","5","4","0","0","0","24","0","47","1.04","88","60","59","1.89","69.3","77.5","61.1"
"CHM00057494","WUHAN, CH","1997-11","2554","2","11","7","0","0","0","7","0","33","0.94","75","400","340","3.11","53.7","60.6","46.8"
"CHM00057494","WUHAN, CH","1997-12","2554","0","11","7","0","1","0","0","0","30","0.74","58","1059","659","2.58","43.8","48.4","39.1"
"CHM00057494","WUHAN, CH","1998-01","0","0","13","10","0","13","0","0","0","25","0.38","57","1880","821","2.39","38.5","43.6","33.3"
"CHM00057494","WUHAN, CH","1998-02","3","3","9","6","0","1","0","3","0","31","0.59","80","2366","486","1.63","47.7","54.9","40.6"
"CHM00057494","WUHAN, CH","1998-03","13","10","14","13","0","1","0","7","0","31","0.74","81","2789","423","4.88","51.7","58.3","45.0"
"CHM00057494","WUHAN, CH","1998-04","189","176","9","7","0","0","0","23","1","39","3.21","90","2851","62","12.57","68.8","76.5","61.1"
"CHM00057494","WUHAN, CH","1998-05","435","246","11","9","0","0","0","27","2","51","1.86","94","2872","20","7.66","72.3","79.4","65.2"
"CHM00057494","WUHAN, CH","1998-06","876","441","11","7","0","0","0","30","5","65","1.27","93","2872","0","3.74","79.7","85.7","73.7"
"CHM00057494","WUHAN, CH","1998-07","1530","654","12","11","0","0","0","31","22","74","11.25","100","0","0","29.86","86.1","91.9","80.3"
"CHM00057494","WUHAN, CH","1998-08","2185","654","7","2","0","0","0","31","21","72","0.21","100","0","0","0.57","86.1","92.2","80.0"
"CHM00057494","WUHAN, CH","1998-09","2580","395","5","3","0","0","0","29","11","64","0.52","96","0","0","1.00","78.2","85.2","71.2"
"CHM00057494","WUHAN, CH","1998-10","2725","145","6","5","0","0","0","28","0","53","0.80","89","14","14","1.91","69.2","76.9","61.5"
"CHM00057494","WUHAN, CH","1998-11","2743","18","3","2","0","0","0","15","0","44","0.28","83","161","146","0.54","60.7","69.0","52.4"
"CHM00057494","WUHAN, CH","1998-12","2743","0","5","3","0","2","0","0","0","30","0.47","68","714","553","1.33","47.2","55.1","39.3"
"CHM00057494","WUHAN, CH","1999-01","0","0","7","2","0","3","0","0","0","28","0.73","61","1336","622","1.02","44.9","51.2","38.7"
"CHM00057494","WUHAN, CH","1999-02","0","0","5","1","0","0","0","0","0","33","0.10","69","1761","425","0.33","49.8","58.0","41.6"
"CHM00057494","WUHAN, CH","1999-03","0","0","16","8","0","0","0","4","0","37","0.48","76","2205","444","2.53","50.7","56.5","44.9"
"CHM00057494","WUHAN, CH","1999-04","72","72","12","9","0","0","0","17","0","51","2.63","85","2270","65","9.04","65.2","72.3","58.1"
"CHM00057494","WUHAN, CH","1999-05","323","251","13","10","0","0","0","30","2","61","4.20","93","2270","0","7.78","73.1","80.3","65.9"
"CHM00057494","WUHAN, CH","1999-06","704","380","15","13","0","0","0","30","7","64","4.81","96","2270","0","18.47","77.7","83.1","72.3"
"CHM00057494","WUHAN, CH","1999-07","1269","565","6","3","0","0","0","31","16","70","1.65","98","0","0","3.06","83.2","89.2","77.3"
"CHM00057494","WUHAN, CH","1999-08","1800","531","12","8","0","0","0","31","16","66","1.34","97","0","0","5.64","82.1","87.7","76.6"
"CHM00057494","WUHAN, CH","1999-09","2260","460","3","2","0","0","0","30","10","61","1.78","98","0","0","2.02","80.3","87.0","73.7"
"CHM00057494","WUHAN, CH","1999-10","2330","69","11","6","0","0","0","17","1","52","1.35","92","45","45","3.39","65.8","71.6","59.9"
"CHM00057494","WUHAN, CH","1999-11","2330","0","7","3","0","0","0","2","0","34","0.51","77","339","294","1.08","55.2","62.0","48.5"
"CHM00057494","WUHAN, CH","1999-12","2330","0","0","0","0","4","0","0","0","24","0.00","66","884","545","0.00","47.4","56.4","38.5"
"CHM00057494","WUHAN, CH","2000-01","0","0","12","8","0","12","1","0","0","24","1.28","57","1729","845","4.24","37.7","42.1","33.4"
"CHM00057494","WUHAN, CH","2000-02","0","0","7","2","0","5","0","0","0","26","0.63","60","2337","608","1.13","44.0","49.6","38.5"
"CHM00057494","WUHAN, CH","2000-03","13","13","10","4","0","0","0","7","0","41","0.26","81","2583","246","1.12","57.5","64.7","50.2"
"CHM00057494","WUHAN, CH","2000-04","91","79","5","2","0","0","0","23","0","46","0.69","82","2622","39","0.90","66.3","74.4","58.3"
"CHM00057494","WUHAN, CH","2000-05","445","353","8","6","0","0","0","30","7","62","4.54","97","2622","0","6.73","76.4","84.3","68.5"
"CHM00057494","WUHAN, CH","2000-06","942","497","13","7","0","0","0","30","12","66","2.73","97","2622","0","7.04","81.6","88.4","74.7"
"CHM00057494","WUHAN, CH","2000-07","1665","723","8","5","0","0","0","31","28","76","0.53","103","0","0","1.76","88.3","94.9","81.7"
"CHM00057494","WUHAN, CH","2000-08","2268","603","7","5","0","0","0","31","19","74","1.78","98","0","0","5.91","84.5","90.7","78.2"
"CHM00057494","WUHAN, CH","2000-09","2624","355","9","5","0","0","0","28","8","63","3.84","96","0","0","7.94","76.9","83.6","70.1"
"CHM00057494","WUHAN, CH","2000-10","2733","109","15","12","0","0","0","11","1","46","2.06","91","117","117","5.90","64.8","70.2","59.3"
"CHM00057494","WUHAN, CH","2000-11","2733","0","8","6","0","0","0","4","0","35","0.82","77","535","418","2.23","51.1","57.8","44.4"
"CHM00057494","WUHAN, CH","2000-12","2733","0","8","5","0","0","0","0","0","33","0.37","63","1110","575","1.56","46.5","52.6","40.3"
"CHM00057494","WUHAN, CH","2001-01","0","0","9","7","0","6","0","0","0","28","1.39","57","1838","729","4.21","41.5","46.7","36.3"
"CHM00057494","WUHAN, CH","2001-02","0","0","11","8","0","2","0","0","0","30","0.45","65","2385","547","2.25","45.5","51.9","39.1"
"CHM00057494","WUHAN, CH","2001-03","4","4","6","3","0","0","0","8","0","40","0.81","78","2641","255","1.70","56.9","65.1","48.7"
"CHM00057494","WUHAN, CH","2001-04","47","43","12","9","0","0","0","20","0","43","3.00","85","2708","67","5.94","64.2","72.1","56.3"
"CHM00057494","WUHAN, CH","2001-05","381","333","7","6","0","0","0","31","7","61","1.09","97","2708","0","3.95","75.8","83.5","68.1"
"CHM00057494","WUHAN, CH","2001-06","861","480","8","6","0","0","0","29","10","66","3.33","96","2708","0","6.01","81.0","87.2","74.8"
"CHM00057494","WUHAN, CH","2001-07","1625","764","3","3","0","0","0","31","28","73","0.96","100","0","0","1.56","89.7","96.3","83.0"
"CHM00057494","WUHAN, CH","2001-08","2219","593","2","1","0","0","0","31","18","70","0.81","99","0","0","0.87","84.1","90.8","77.5"
"CHM00057494","WUHAN, CH","2001-09","2661","442","1","0","0","0","0","30","8","65","0.04","96","0","0","0.04","79.7","88.2","71.3"
"CHM00057494","WUHAN, CH","2001-10","2763","101","12","6","0","0","0","22","0","53","1.39","84","15","15","3.41","67.8","74.3","61.3"
"CHM00057494","WUHAN, CH","2001-11","2763","0","8","3","0","0","0","2","0","44","0.87","71","266","251","1.98","56.6","64.5","48.7"
"CHM00057494","WUHAN, CH","2001-12","2763","0","13","7","0","8","0","0","0","27","1.07","62","1013","747","3.50","40.9","46.1","35.7"
"CHM00057494","WUHAN, CH","2002-01","0","0","5","3","0","2","0","1","0","32","0.95","72","1577","564","1.36","46.8","54.6","38.9"
"CHM00057494","WUHAN, CH","2002-02","0","0","11","10","0","0","0","0","0","37","0.74","68","1965","387","3.68","51.2","57.2","45.2"
"CHM00057494","WUHAN, CH","2002-03","11","11","11","7","0","0","0","13","0","35","1.76","78","2187","222","6.08","58.2","64.9","51.4"
"CHM00057494","WUHAN, CH","2002-04","107","96","18","14","0","0","0","15","0","49","3.40","87","2309","122","13.13","64.2","70.5","57.8"
"CHM00057494","WUHAN, CH","2002-05","270","162","16","10","0","0","0","21","2","55","1.94","92","2323","14","6.52","69.8","75.3","64.3"
"CHM00057494","WUHAN, CH","2002-06","828","558","9","7","0","0","0","30","15","70","1.90","97","2323","0","6.04","83.6","89.8","77.4"
"CHM00057494","WUHAN, CH","2002-07","1453","625","11","9","0","0","0","31","21","72","3.52","102","0","0","8.06","85.2","90.8","79.5"
"CHM00057494","WUHAN, CH","2002-08","2001","548","9","8","0","0","0","31","17","68","1.56","98","0","0","5.79","82.7","88.3","77.1"
"CHM00057494","WUHAN, CH","2002-09","2357","357","6","3","0","0","0","29","5","60","0.46","96","0","0","0.81","76.9","83.8","70.0"
"CHM00057494","WUHAN, CH","2002-10","2535","178","6","3","0","0","0","22","2","49","1.47","91","84","84","2.31","68.0","75.7","60.3"
"CHM00057494","WUHAN, CH","2002-11","2537","2","6","4","0","0","0","6","0","42","1.41","75","365","281","2.41","55.7","62.4","49.0"
"CHM00057494","WUHAN, CH","2002-12","2537","0","12","8","0","6","1","0","0","25","1.37","61","1053","688","3.49","42.8","47.6","38.0"
"CHM00057494","WUHAN, CH","2003-01","0","0","6","5","0","7","0","0","0","27","0.63","63","1741","688","1.44","42.8","49.8","35.8"
"CHM00057494","WUHAN, CH","2003-02","0","0","14","9","0","4","0","0","0","27","0.69","67","2291","551","3.86","45.3","50.6","40.0"
"CHM00057494","WUHAN, CH","2003-03","38","38","13","7","0","0","0","6","0","33","1.03","87","2713","421","5.03","52.6","58.9","46.4"
"CHM00057494","WUHAN, CH","2003-04","95","57","16","12","0","0","0","15","0","48","2.48","90","2823","111","8.84","63.2","69.8","56.6"
"CHM00057494","WUHAN, CH","2003-05","346","251","12","8","0","0","0","30","2","60","1.42","91","2824","0","3.85","73.1","79.1","67.1"
"CHM00057494","WUHAN, CH","2003-06","856","509","10","7","0","0","0","30","13","65","3.96","96","2824","0","7.70","82.0","88.4","75.5"
"CHM00057494","WUHAN, CH","2003-07","1518","663","7","6","0","0","0","31","22","69","3.30","102","0","0","11.88","86.4","92.7","80.1"
"CHM00057494","WUHAN, CH","2003-08","2141","622","11","7","0","0","0","31","19","65","1.64","103","0","0","3.70","85.1","91.1","79.0"
"CHM00057494","WUHAN, CH","2003-09","2552","411","7","5","0","0","0","30","8","64","0.77","94","0","0","1.89","78.7","85.8","71.7"
"CHM00057494","WUHAN, CH","2003-10","2636","83","9","6","0","0","0","21","0","49","0.77","85","69","69","2.41","65.5","72.6","58.3"
"CHM00057494","WUHAN, CH","2003-11","2677","41","7","6","0","0","0","7","0","38","0.88","87","406","337","3.15","55.1","61.8","48.4"
"CHM00057494","WUHAN, CH","2003-12","2677","0","5","4","0","2","0","0","0","31","0.30","60","1079","673","0.83","43.3","48.7","37.9"
"CHM00057494","WUHAN, CH","2004-01","0","0","8","4","0","8","0","0","0","26","1.15","58","1824","745","2.11","40.9","46.1","35.8"
"CHM00057494","WUHAN, CH","2004-02","5","5","6","3","0","0","0","5","0","35","1.98","77","2157","333","2.83","53.7","61.9","45.5"
"CHM00057494","WUHAN, CH","2004-03","21","17","8","3","0","0","0","8","0","41","0.83","80","2458","301","1.58","55.8","62.5","49.1"
"CHM00057494","WUHAN, CH","2004-04","184","163","11","7","0","0","0","25","3","44","1.64","95","2492","34","4.96","69.3","77.5","61.1"
"CHM00057494","WUHAN, CH","2004-05","501","316","9","6","0","0","0","30","6","51","2.13","94","2500","8","6.72","74.9","82.1","67.8"
"CHM00057494","WUHAN, CH","2004-06","913","412","9","7","0","0","0","29","10","63","3.40","98","2500","0","12.71","78.7","85.0","72.5"
"CHM00057494","WUHAN, CH","2004-07","1583","670","12","9","0","0","0","31","24","73","6.20","99","0","0","17.15","86.6","92.7","80.5"
"CHM00057494","WUHAN, CH","2004-08","2129","546","13","8","0","0","0","31","12","70","2.26","100","0","0","7.86","82.6","88.4","76.8"
"CHM00057494","WUHAN, CH","2004-09","2520","391","4","2","0","0","0","30","5","65","1.13","94","0","0","2.12","78.0","85.1","71.0"
"CHM00057494","WUHAN, CH","2004-10","2591","71","1","0","0","0","0","24","0","51","0.04","83","22","22","0.05","66.6","73.8","59.3"
"CHM00057494","WUHAN, CH","2004-11","2607","16","4","2","0","0","0","9","0","38","1.34","82","226","204","2.12","58.7","66.6","50.9"
"CHM00057494","WUHAN, CH","2004-12","2607","0","7","3","0","6","0","0","0","24","1.20","67","805","579","1.67","46.3","52.2","40.4"
"CHM00057494","WUHAN, CH","2005-01","0","0","7","4","0","9","0","0","0","23","0.49","53","1588","783","1.30","39.7","45.5","33.9"
"CHM00057494","WUHAN, CH","2005-02","0","0","13","8","0","6","0","0","0","28","1.19","59","2318","730","4.35","38.9","43.4","34.4"
"CHM00057494","WUHAN, CH","2005-03","2","2","8","4","0","2","0","6","0","29","0.60","75","2688","369","1.83","53.1","60.6","45.7"
"CHM00057494","WUHAN, CH","2005-04","230","228","7","4","0","0","0","25","4","47","1.71","92","2730","42","2.59","71.2","79.9","62.5"
"CHM00057494","WUHAN, CH","2005-05","550","320","12","7","0","0","0","31","0","60","2.01","89","2730","0","6.95","75.3","81.7","69.0"
"CHM00057494","WUHAN, CH","2005-06","1124","574","6","5","0","0","0","30","21","66","4.06","98","2730","0","7.07","84.1","90.8","77.5"
"CHM00057494","WUHAN, CH","2005-07","1827","702","8","5","0","0","0","31","25","72","1.54","101","0","0","4.28","87.7","93.9","81.4"
"CHM00057494","WUHAN, CH","2005-08","2350","523","9","5","0","0","0","30","14","66","1.35","101","0","0","3.66","81.9","87.3","76.4"
"CHM00057494","WUHAN, CH","2005-09","2756","406","7","6","0","0","0","30","10","63","3.67","97","0","0","5.91","78.5","84.9","72.2"
"CHM00057494","WUHAN, CH","2005-10","2844","88","5","1","0","0","0","21","0","49","0.22","83","37","37","0.33","66.6","73.4","59.8"
"CHM00057494","WUHAN, CH","2005-11","2858","14","8","6","0","0","0","7","0","44","1.94","76","227","190","5.65","59.1","65.1","53.1"
"CHM00057494","WUHAN, CH","2005-12","2858","0","2","0","0","10","0","0","0","29","0.04","59","892","665","0.05","43.5","50.1","36.9"
"CHM00057494","WUHAN, CH","2006-01","0","0","8","4","0","11","0","0","0","25","0.68","65","1650","758","1.91","40.5","45.9","35.1"
"CHM00057494","WUHAN, CH","2006-02","0","0","13","8","0","1","0","0","0","31","0.73","64","2254","603","3.52","43.5","48.4","38.5"
"CHM00057494","WUHAN, CH","2006-03","4","4","6","2","0","1","0","8","0","30","0.62","79","2532","279","0.94","56.1","64.5","47.7"
"CHM00057494","WUHAN, CH","2006-04","137","133","8","6","0","0","0","25","1","40","1.60","91","2593","61","4.98","67.4","75.8","59.0"
"CHM00057494","WUHAN, CH","2006-05","478","341","8","6","0","0","0","31","5","51","2.38","94","2598","4","7.24","75.8","83.9","67.8"
"CHM00057494","WUHAN, CH","2006-06","1039","561","5","4","0","0","0","30","18","67","1.11","99","2598","0","2.09","83.7","90.6","76.9"
"CHM00057494","WUHAN, CH","2006-07","1725","686","13","7","0","0","0","31","23","72","3.24","99","0","0","9.28","87.1","92.9","81.4"
"CHM00057494","WUHAN, CH","2006-08","2389","664","13","10","0","0","0","31","28","73","1.45","99","0","0","4.22","86.4","93.6","79.3"
"CHM00057494","WUHAN, CH","2006-09","2733","344","5","3","0","0","0","29","5","62","1.00","96","0","0","1.93","76.5","84.1","68.9"
"CHM00057494","WUHAN, CH","2006-10","2936","203","7","5","0","0","0","28","0","57","0.53","89","9","9","2.28","71.3","78.2","64.3"
"CHM00057494","WUHAN, CH","2006-11","2967","31","11","5","0","0","0","12","0","41","0.80","83","241","232","1.89","58.3","64.2","52.4"
"CHM00057494","WUHAN, CH","2006-12","2967","0","6","2","0","0","0","0","0","33","0.48","63","835","594","0.94","45.8","52.9","38.7"
"CHM00057494","WUHAN, CH","2007-01","0","0","11","7","0","8","0","0","0","29","0.71","63","1579","744","2.59","41.0","47.4","34.6"
"CHM00057494","WUHAN, CH","2007-02","0","0","11","11","0","0","0","1","0","34","1.53","70","1929","350","4.50","52.5","59.8","45.2"
"CHM00057494","WUHAN, CH","2007-03","40","40","11","9","0","0","0","7","1","35","1.05","90","2259","329","4.28","55.7","61.6","49.7"
"CHM00057494","WUHAN, CH","2007-04","135","95","7","3","0","0","0","23","0","46","1.02","85","2312","54","1.98","66.4","74.5","58.2"
"CHM00057494","WUHAN, CH","2007-05","562","427","6","4","0","0","0","31","8","60","5.85","96","2312","0","8.08","78.8","86.9","70.7"
"CHM00057494","WUHAN, CH","2007-06","1035","473","9","7","0","0","0","30","5","70","2.05","96","2312","0","4.98","80.8","86.6","75.0"
"CHM00057494","WUHAN, CH","2007-07","1681","646","14","8","0","0","0","31","20","73","1.97","98","0","0","6.95","85.8","91.7","80.0"
"CHM00057494","WUHAN, CH","2007-08","2352","671","7","4","0","0","0","31","26","72","1.22","99","0","0","2.45","86.6","93.3","80.0"
"CHM00057494","WUHAN, CH","2007-09","2742","390","5","2","0","0","0","30","4","65","0.24","95","0","0","0.57","78.0","85.0","71.0"
"CHM00057494","WUHAN, CH","2007-10","2891","149","7","3","0","0","0","24","3","49","0.41","93","45","45","1.01","68.4","75.1","61.6"
"CHM00057494","WUHAN, CH","2007-11","2891","0","4","2","0","0","0","7","0","37","1.22","76","304","259","1.61","56.4","64.8","47.9"
"CHM00057494","WUHAN, CH","2007-12","2891","0","10","3","0","1","0","0","0","29","0.53","65","873","569","1.28","46.7","51.6","41.7"
"CHM00057494","WUHAN, CH","2008-01","0","0","13","9","0","22","11","0","0","23","0.53","61","1800","927","2.85","35.1","39.7","30.5"
"CHM00057494","WUHAN, CH","2008-02","0","0","4","3","0","13","0","1","0","23","0.45","70","2459","660","0.81","42.2","50.6","33.9"
"CHM00057494","WUHAN, CH","2008-03","6","6","11","6","0","0","0","10","0","41","1.08","80","2644","185","3.11","59.2","67.2","51.3"
"CHM00057494","WUHAN, CH","2008-04","105","99","8","5","0","0","0","18","0","49","0.70","88","2711","67","2.14","66.1","73.3","58.8"
"CHM00057494","WUHAN, CH","2008-05","473","369","10","8","0","0","0","30","6","58","3.44","93","2711","0","13.55","76.9","84.7","69.0"
"CHM00057494","WUHAN, CH","2008-06","932","459","10","7","0","0","0","30","10","65","1.57","95","2711","0","5.09","80.3","86.8","73.8"
"CHM00057494","WUHAN, CH","2008-07","1579","647","13","12","0","0","0","31","21","74","1.50","99","0","0","5.83","85.9","92.1","79.6"
"CHM00057494","WUHAN, CH","2008-08","2170","591","11","7","0","0","0","31","16","69","2.94","98","0","0","9.48","84.1","90.1","78.0"
"CHM00057494","WUHAN, CH","2008-09","2566","396","4","3","0","0","0","27","7","60","1.00","98","2","2","1.61","78.1","84.8","71.5"
"CHM00057494","WUHAN, CH","2008-10","2676","110","10","8","0","0","0","22","0","56","0.93","83","26","24","3.64","67.8","74.1","61.4"
"CHM00057494","WUHAN, CH","2008-11","2678","2","5","3","0","0","0","1","0","36","1.09","74","304","278","1.54","55.8","62.5","49.1"
"CHM00057494","WUHAN, CH","2008-12","2678","0","2","1","0","4","0","2","0","24","0.20","72","879","575","0.22","46.5","54.8","38.1"
"CHM00057494","WUHAN, CH","2009-01","0","0","4","3","0","11","0","0","0","24","0.43","61","1607","728","0.73","41.5","48.6","34.4"
"CHM00057494","WUHAN, CH","2009-02","9","9","14","11","0","0","0","3","0","35","1.61","84","2056","449","4.84","49.3","53.9","44.6"
"CHM00057494","WUHAN, CH","2009-03","22","14","12","7","0","0","0","9","0","33","0.70","81","2378","322","2.74","55.1","62.3","47.8"
"CHM00057494","WUHAN, CH","2009-04","116","93","11","10","0","0","0","21","0","46","2.31","89","2448","70","7.78","65.8","72.8","58.7"
"CHM00057494","WUHAN, CH","2009-05","363","248","9","8","0","0","0","28","4","59","1.29","93","2449","1","5.20","73.0","80.0","65.9"
"CHM00057494","WUHAN, CH","2009-06","918","555","8","7","0","0","0","30","19","65","4.79","99","2449","0","12.07","83.5","90.7","76.2"
"CHM00057494","WUHAN, CH","2009-07","1608","689","4","2","0","0","0","31","23","69","2.09","102","0","0","3.78","87.2","93.6","80.9"
"CHM00057494","WUHAN, CH","2009-08","2235","628","4","3","0","0","0","30","20","62","0.90","101","1","1","1.53","85.2","91.7","78.7"
"CHM00057494","WUHAN, CH","2009-09","2625","389","3","2","0","0","0","30","5","63","1.14","96","1","0","1.65","78.0","84.7","71.3"
"CHM00057494","WUHAN, CH","2009-10","2823","199","5","3","0","0","0","30","0","56","0.31","89","1","0","0.94","71.4","78.9","63.9"
"CHM00057494","WUHAN, CH","2009-11","2837","13","7","6","0","3","0","6","0","29","0.88","83","489","488","2.67","49.2","56.7","41.6"
"CHM00057494","WUHAN, CH","2009-12","2837","0","11","5","0","6","0","0","0","28","0.49","58","1163","674","1.67","43.2","49.3","37.2"
"CHM00057494","WUHAN, CH","2010-01","0","0","7","4","0","15","0","0","0","25","0.42","60","1918","754","1.12","40.7","47.7","33.7"
"CHM00057494","WUHAN, CH","2010-02","2","2","7","6","0","10","0","3","0","26","0.50","76","2483","565","1.95","44.9","51.6","38.2"
"CHM00057494","WUHAN, CH","2010-03","11","10","15","10","0","2","0","7","0","26","1.28","86","2914","431","5.93","51.4","59.4","43.4"
"CHM00057494","WUHAN, CH","2010-04","24","13","11","7","0","0","0","11","0","35","1.98","82","3095","181","5.52","59.4","67.0","51.8"
"CHM00057494","WUHAN, CH","2010-05","221","196","13","8","0","0","0","29","2","53","1.01","92","3097","2","5.46","71.3","79.2","63.4"
"CHM00057494","WUHAN, CH","2010-06","603","382","10","4","0","0","0","30","6","62","3.81","95","3097","0","6.01","77.7","84.8","70.6"
"CHM00057494","WUHAN, CH","2010-07","1198","595","16","11","0","0","0","31","19","73","2.78","96","0","0","15.34","84.2","89.7","78.7"
"CHM00057494","WUHAN, CH","2010-08","1802","603","9","8","0","0","0","31","19","68","0.83","101","0","0","3.29","84.5","91.4","77.5"
"CHM00057494","WUHAN, CH","2010-09","2159","357","9","8","0","0","0","27","8","57","0.98","97","0","0","3.58","76.9","83.3","70.4"
"CHM00057494","WUHAN, CH","2010-10","2202","44","8","7","0","0","0","21","0","38","0.75","82","86","86","3.29","63.6","72.4","54.9"
"CHM00057494","WUHAN, CH","2010-11","2202","0","4","3","0","0","0","11","0","37","0.24","77","376","290","0.57","55.3","66.2","44.5"
"CHM00057494","WUHAN, CH","2010-12","2202","0","6","2","0","15","0","1","0","25","0.19","72","996","620","0.60","45.0","55.3","34.8"
"CHM00057494","WUHAN, CH","2011-01","0","0","5","3","0","25","0","0","0","18","0.20","54","1952","956","0.61","34.2","41.2","27.1"
"CHM00057494","WUHAN, CH","2011-02","0","0","7","3","0","11","0","1","0","26","0.22","71","2520","568","0.76","44.7","54.3","35.1"
"CHM00057494","WUHAN, CH","2011-03","0","0","7","3","0","2","0","4","0","30","0.73","74","2947","427","1.26","51.2","60.8","41.6"
"CHM00057494","WUHAN, CH","2011-04","109","109","7","5","0","0","0","22","2","37","0.41","92","3050","103","1.43","65.2","75.1","55.3"
"CHM00057494","WUHAN, CH","2011-05","352","243","9","6","0","0","0","28","7","52","0.85","97","3069","19","3.02","72.2","82.7","61.7"
"CHM00057494","WUHAN, CH","2011-06","733","381","15","8","0","0","0","30","5","62","7.79","96","3069","0","17.08","77.7","83.5","71.9"
"CHM00057494","WUHAN, CH","2011-07","1345","612","7","4","0","0","0","31","22","67","2.09","99","0","0","3.52","84.7","91.7","77.8"
"CHM00057494","WUHAN, CH","2011-08","1867","522","8","4","0","0","0","31","14","67","2.07","96","0","0","5.27","81.9","88.5","75.2"
"CHM00057494","WUHAN, CH","2011-09","2142","275","7","4","0","0","0","26","6","53","1.19","95","14","14","2.34","73.7","80.8","66.6"
"CHM00057494","WUHAN, CH","2011-10","2189","47","7","5","0","0","0","19","0","45","0.57","85","86","72","2.03","64.2","72.4","55.9"
"CHM00057494","WUHAN, CH","2011-11","2192","4","8","3","0","0","0","10","0","36","0.71","76","303","217","1.33","57.9","66.6","49.2"
"CHM00057494","WUHAN, CH","2011-12","2192","0","1","1","0","15","0","0","0","24","0.21","56","1036","733","0.22","41.4","49.6","33.1"
"CHM00057494","WUHAN, CH","2012-01","0","0","10","4","0","14","0","0","0","20","0.33","51","1881","844","1.06","37.8","43.4","32.1"
"CHM00057494","WUHAN, CH","2012-02","0","0","11","4","0","14","0","0","0","24","0.75","53","2613","732","1.65","39.8","45.8","33.7"
"CHM00057494","WUHAN, CH","2012-03","3","3","12","8","0","1","0","6","0","32","1.72","81","3086","474","4.31","49.8","58.4","41.2"
"CHM00057494","WUHAN, CH","2012-04","70","68","10","9","0","0","0","21","0","44","0.98","86","3151","65","4.27","65.1","74.3","55.9"
"CHM00057494","WUHAN, CH","2012-05","316","246","14","10","0","0","0","31","0","56","3.10","89","3151","0","9.39","72.9","81.1","64.8"
"CHM00057494","WUHAN, CH","2012-06","783","467","8","7","0","0","0","30","17","64","4.05","96","3151","0","7.56","80.6","88.2","72.9"
"CHM00057494","WUHAN, CH","2012-07","1471","688","6","6","0","0","0","31","26","74","6.11","99","0","0","9.67","87.2","94.0","80.4"
"CHM00057494","WUHAN, CH","2012-08","2041","570","10","8","0","0","0","31","19","68","1.93","99","0","0","5.19","83.4","90.4","76.4"
"CHM00057494","WUHAN, CH","2012-09","2329","288","7","4","0","0","0","30","2","51","2.65","96","0","0","4.24","74.6","83.1","66.1"
"CHM00057494","WUHAN, CH","2012-10","2398","69","11","8","0","0","0","21","0","44","1.93","82","58","58","5.16","65.4","73.3","57.4"
"CHM00057494","WUHAN, CH","2012-11","2398","0","14","4","0","0","0","2","0","33","0.37","71","473","415","1.20","51.2","60.0","42.4"
"CHM00057494","WUHAN, CH","2012-12","2398","0","10","8","0","12","0","0","0","20","0.45","61","1251","778","2.04","39.9","46.5","33.3"
"CHM00057494","WUHAN, CH","2013-01",,,,,,,"1","0","0",,,"64",,,,,"48.8",
"CHM00057494","WUHAN, CH","2013-02",,,,,,,"1","0","0",,,"63",,,,,"49.0",
"CHM00057494","WUHAN, CH","2013-03",,,,,,,"0","10","0",,,"85",,,,,"66.1",
"CHM00057494","WUHAN, CH","2014-06",,,,,,,"0","25","7",,,"95",,,,,"85.6",
"CHM00057494","WUHAN, CH","2020-01",,,,,,,"0","0","0",,,"57",,,,,"47.8",
"CHM00057494","WUHAN, CH","2020-02",,,,,,,"0","3","0",,,"77",,,,,"61.0",
"CHM00057494","WUHAN, CH","2021-10",,,"9","6",,,,,,,"0.58",,,,"2.02",,,
